skill_name,External_Sourcing,geo_group,city_ip,n_devs,n_devs_bi,n_accs,n_p2_devs,n_ntes,n_icfs,n_icfs_30,n_icfs_60,n_icfs_90,n_icfs_365,n_dcs,acc_days_median,p2_days_median,nte_days_median,icf_days_median,dc_days_median,hourly_rate_median,min_dev_skill_cost,max_dev_skill_cost,minCost_per_su,maxCost_per_su,su_to_icf_30_perc,su_to_icf_60_perc,su_to_icf_90_perc,su_to_icf_365_perc,rate_geo_median,city_tier,lat,lng
Flutter,N,LATAM,São Paulo,570,518,65,67,43,72,17,22,24,58,2,59.0,55.0,157.0,195.5,310.5,6.651259469709132,1745.4275209492519,2674.4595547703207,3.0621535455250033,4.692034306614597,0.02982456140350877,0.03859649122807018,0.042105263157894736,0.10175438596491228,3.9165104166493796,1,-23.5475,-46.63611
Flutter,N,LATAM,Medellín,208,189,21,23,8,19,5,6,7,16,0,39.0,42.0,43.0,137.0,,4.19318181818193,517.4203755081552,831.297510734887,2.487597959173823,3.99662264776388,0.02403846153846154,0.028846153846153848,0.03365384615384615,0.07692307692307693,3.9165104166493796,1,6.25184,-75.56359
Flutter,N,LATAM,Brasília,195,172,28,28,11,27,5,8,8,25,0,105.0,105.0,63.0,145.0,,5.7010795454363015,480.33842916235125,892.5822894349405,2.4632739957043652,4.577345074025336,0.02564102564102564,0.041025641025641026,0.041025641025641026,0.1282051282051282,3.9165104166493796,1,-15.77972,-47.92972
Flutter,N,LATAM,Rio de Janeiro,182,168,30,31,23,36,3,7,9,31,2,27.5,31.0,45.0,167.0,247.5,7.22136742427283,625.6587952192576,959.5696310497099,3.437685688017899,5.272360610163241,0.016483516483516484,0.038461538461538464,0.04945054945054945,0.17032967032967034,3.9165104166493796,1,-22.90642,-43.18223
Flutter,N,LATAM,Belo Horizonte,158,140,24,23,12,26,8,10,11,18,0,42.0,52.0,51.5,159.0,,5.130971590872604,307.6655233768525,531.737256204396,1.9472501479547626,3.3654256721797213,0.05063291139240506,0.06329113924050633,0.06962025316455696,0.11392405063291139,3.9165104166493796,1,-19.92083,-43.93778
Flutter,N,LATAM,Curitiba,158,148,19,19,10,20,6,7,8,18,1,21.0,28.0,42.0,155.5,244.0,5.7010795454363015,614.5499477677797,860.8379008508235,3.8895566314416437,5.4483411446254655,0.0379746835443038,0.04430379746835443,0.05063291139240506,0.11392405063291139,3.9165104166493796,1,-25.42778,-49.27306
Flutter,N,LATAM,Fortaleza,139,128,8,8,5,8,1,3,4,8,0,44.0,30.5,11.0,96.5,,4.513354640145433,305.73601008290046,539.0114270559105,2.199539640884176,3.877780050761946,0.007194244604316547,0.02158273381294964,0.02877697841726619,0.05755395683453238,3.9165104166493796,1,-3.71722,-38.54306
Flutter,N,LATAM,Quito,110,100,5,5,2,11,3,5,6,10,0,45.0,14.0,116.0,65.0,,5.208333333,386.659814607009,705.785294566871,3.515089223700082,6.416229950607918,0.02727272727272727,0.045454545454545456,0.05454545454545454,0.09090909090909091,3.9165104166493796,1,-0.22985,-78.52495
Flutter,N,LATAM,Goiânia,107,99,13,14,8,9,2,2,3,6,1,75.5,94.5,99.5,124.0,252.0,5.7010795454363015,298.65499982942515,446.1596549445973,2.791168222704908,4.169716401351377,0.018691588785046728,0.018691588785046728,0.028037383177570093,0.056074766355140186,3.9165104166493796,1,-16.67861,-49.25389
Flutter,N,LATAM,Guayaquil,100,91,12,14,6,13,3,6,7,11,0,23.5,23.5,41.5,82.0,,5.681818182,306.76045277045637,521.6991796013604,3.067604527704564,5.216991796013604,0.03,0.06,0.07,0.11,3.9165104166493796,1,-2.19616,-79.88621
Flutter,N,LATAM,Porto Alegre,93,84,17,17,10,18,4,4,5,18,1,88.0,88.0,144.0,144.0,98.0,8.076529356118376,371.5043743280893,533.2089717670889,3.9946706916998846,5.7334298039471925,0.043010752688172046,0.043010752688172046,0.053763440860215055,0.1935483870967742,3.9165104166493796,1,-30.03283,-51.23019
Flutter,N,LATAM,Campinas,91,81,12,13,9,13,1,1,1,8,0,77.0,7.0,52.0,285.0,,5.7010795454363015,225.0642350122737,363.2554611601147,2.4732333517832275,3.9918182545067546,0.01098901098901099,0.01098901098901099,0.01098901098901099,0.08791208791208792,3.9165104166493796,1,-22.90556,-47.06083
Flutter,N,LATAM,Mexico City,85,76,5,6,3,5,1,1,1,5,0,31.0,33.0,41.0,96.0,,9.453645833350619,195.84138202867098,302.73547210883663,2.304016259160835,3.561593789515725,0.011764705882352941,0.011764705882352941,0.011764705882352941,0.058823529411764705,3.9165104166493796,1,19.42847,-99.12766
Flutter,N,LATAM,Guatemala City,80,76,10,10,8,10,2,3,3,8,1,17.5,15.5,22.5,265.5,60.0,5.04807386367098,379.6528902670914,484.6161150437404,4.745661128338642,6.057701438046755,0.025,0.0375,0.0375,0.1,3.9165104166493796,1,14.64072,-90.51327
Flutter,N,LATAM,Santiago,80,66,11,11,6,10,3,3,4,8,0,43.0,43.0,127.5,186.5,,6.289772727272526,330.73585023112184,508.9565336829722,4.134198127889023,6.361956671037152,0.0375,0.0375,0.05,0.1,3.9165104166493796,1,-33.44889,-70.66927
Flutter,N,LATAM,Florianópolis,74,68,11,11,9,10,3,5,5,8,3,37.5,35.0,35.0,93.0,143.0,5.530047159127395,152.40363778906485,290.6951602247297,2.0595086187711464,3.928312976009861,0.04054054054054054,0.06756756756756757,0.06756756756756757,0.10810810810810811,3.9165104166493796,1,-27.59667,-48.54917
Flutter,N,LATAM,Recife,69,62,10,12,7,13,4,5,6,12,0,38.0,38.0,58.0,97.0,,4.038264678009019,204.25181060211168,306.7684436043599,2.960171168146546,4.445919472526955,0.057971014492753624,0.07246376811594203,0.08695652173913043,0.17391304347826086,3.9165104166493796,1,-8.05389,-34.88111
Flutter,N,LATAM,Guadalajara,66,63,7,6,2,7,2,3,3,7,0,31.0,31.0,199.5,118.0,,6.223200000005186,243.77903593715791,392.6231353958688,3.693621756623605,5.948835384785891,0.030303030303030304,0.045454545454545456,0.045454545454545456,0.10606060606060606,3.9165104166493796,1,20.67667,-103.3475
Flutter,N,LATAM,Santo Domingo,64,56,14,15,10,13,1,1,2,10,0,69.0,61.0,91.5,223.0,,6.82867424242291,246.39848077082536,327.5908978002289,3.8499762620441462,5.118607778128577,0.015625,0.015625,0.03125,0.15625,3.9165104166493796,1,18.47186,-69.89232
Flutter,N,LATAM,Ribeirão Preto,55,47,2,3,0,6,1,1,1,5,0,39.5,69.0,,178.5,,4.5608636363089055,218.55011201019587,313.33564834145164,3.9736384001853797,5.697011788026393,0.01818181818181818,0.01818181818181818,0.01818181818181818,0.09090909090909091,3.9165104166493796,1,-21.1775,-47.81028
Flutter,N,LATAM,Bogotá,421,382,56,55,29,45,12,17,19,39,0,73.0,51.0,121.0,144.0,,3.354545454545544,1264.1874933871616,2322.099163305043,3.0028206493756806,5.515674972221005,0.028503562945368172,0.040380047505938245,0.04513064133016627,0.09263657957244656,3.9165104166493796,2,4.60971,-74.08175
Flutter,N,LATAM,Lima,179,160,18,18,9,17,4,5,9,15,0,116.0,116.0,103.0,82.0,,3.7508096592109346,645.6773396704956,1048.6915355054352,3.6071359758128247,5.858611930197962,0.0223463687150838,0.027932960893854747,0.05027932960893855,0.08379888268156424,3.9165104166493796,2,-12.04318,-77.02824
Flutter,N,LATAM,Buenos Aires,109,96,14,16,10,19,2,5,6,15,0,39.5,42.5,68.0,151.0,,2.98593749999974,213.62210943857863,398.16699498347174,1.9598358664089783,3.652908210857539,0.01834862385321101,0.045871559633027525,0.05504587155963303,0.13761467889908258,3.9165104166493796,2,-34.61315,-58.37723
Flutter,N,LATAM,Santiago de Cali,100,89,10,12,6,14,2,6,6,12,0,33.5,37.5,56.5,142.0,,3.49431818181807,353.5042651121279,591.7000684705416,3.535042651121279,5.917000684705417,0.02,0.06,0.06,0.12,3.9165104166493796,2,-3.43722,-76.5225
Flutter,N,LATAM,Salvador,86,74,12,11,4,6,1,1,1,4,0,11.0,11.0,137.5,240.0,,3.8007196968906416,241.34981933655936,372.70851864833065,2.8063932480995275,4.333819984282915,0.011627906976744186,0.011627906976744186,0.011627906976744186,0.046511627906976744,3.9165104166493796,2,-12.97563,-38.49096
Flutter,N,LATAM,Barranquilla,76,72,12,10,5,13,5,6,6,10,0,64.0,54.5,97.0,126.0,,3.354545454545544,149.07384846776344,282.14193834229957,1.9614980061547822,3.712393925556573,0.06578947368421052,0.07894736842105263,0.07894736842105263,0.13157894736842105,3.9165104166493796,2,10.96854,-74.78132
Flutter,N,LATAM,Santa Cruz,59,56,7,8,3,3,1,1,2,3,0,16.0,43.5,28.0,74.0,,2.8707556817656874,253.92309643753222,350.83612613841825,4.303781295551394,5.946375019295225,0.01694915254237288,0.01694915254237288,0.03389830508474576,0.05084745762711865,3.9165104166493796,2,-17.78629,-63.18117
Flutter,N,LATAM,La Paz,49,46,5,5,2,2,0,0,0,1,0,103.0,48.0,253.0,287.5,,3.158529829553392,246.97884583941723,411.8654836293448,5.040384608967699,8.405418033251934,0.0,0.0,0.0,0.02040816326530612,3.9165104166493796,2,-16.49901,-68.14625
Flutter,N,LATAM,Toronto,45,41,4,4,1,3,3,3,3,3,0,4.5,4.5,6.0,0.0,,0.499659090907492,113.07400097556173,249.8594255714886,2.512755577234705,5.552431679366413,0.06666666666666667,0.06666666666666667,0.06666666666666667,0.06666666666666667,3.9165104166493796,2,43.65322,-79.38318
Flutter,N,LATAM,Bucaramanga,42,41,6,5,2,5,1,1,1,5,0,237.0,237.0,342.5,132.0,,2.096590909090842,116.41676438021615,214.21408857595904,2.77182772333848,5.100335442284739,0.023809523809523808,0.023809523809523808,0.023809523809523808,0.11904761904761904,3.9165104166493796,2,7.12539,-73.1198
Flutter,N,LATAM,Arequipa,39,33,3,6,3,2,1,1,1,2,0,208.0,60.0,145.0,78.0,,2.2504857955265605,110.25409385081934,174.06943843615818,2.8270280474569063,4.463318934260466,0.02564102564102564,0.02564102564102564,0.02564102564102564,0.05128205128205128,3.9165104166493796,2,-16.39889,-71.535
Flutter,N,LATAM,Mérida,38,35,4,4,4,7,0,0,1,5,0,42.0,42.0,223.0,211.0,,3.889500000010372,116.7933961030929,179.860421493246,3.073510423765603,4.733168986664369,0.0,0.0,0.02631578947368421,0.13157894736842105,3.9165104166493796,2,20.96667,-89.61667
Flutter,N,LATAM,Campo Grande,37,33,4,5,3,5,2,2,2,5,0,60.0,102.0,104.0,168.0,,3.2306117423269436,167.1213026607937,205.89205204058558,4.516791963805235,5.5646500551509614,0.05405405405405406,0.05405405405405406,0.05405405405405406,0.13513513513513514,3.9165104166493796,2,-20.44278,-54.64639
Flutter,N,LATAM,Belém,37,36,4,5,2,4,0,1,1,3,0,273.5,194.0,63.0,239.0,,3.13559375,78.3499362465266,123.46384461500934,2.1175658445007186,3.3368606652705224,0.0,0.02702702702702703,0.02702702702702703,0.08108108108108109,3.9165104166493796,2,-1.45583,-48.50444
Flutter,N,LATAM,San José,34,34,2,2,1,2,0,1,1,2,0,163.0,163.0,205.0,173.5,,3.333996212120426,128.77628693632235,202.28501676875376,3.787537851068304,5.949559316728052,0.0,0.029411764705882353,0.029411764705882353,0.058823529411764705,3.9165104166493796,2,9.93333,-84.08333
Flutter,N,LATAM,Managua,34,29,0,0,0,1,1,1,1,1,0,,,,22.0,,2.065378787890354,115.04939553839286,148.37246175654172,3.3838057511292017,4.363895934015933,0.029411764705882353,0.029411764705882353,0.029411764705882353,0.029411764705882353,3.9165104166493796,2,12.13282,-86.2504
Flutter,N,LATAM,Caracas,33,30,1,0,0,0,0,0,0,0,0,8.0,,,,,0.3899423939496379,135.75296748736858,187.4291678631401,4.113726287496018,5.6796717534284875,0.0,0.0,0.0,0.0,3.9165104166493796,2,10.48801,-66.87919
Flutter,N,LATAM,Cartagena,32,29,3,4,2,3,1,1,1,1,0,3.0,21.0,11.0,491.0,,1.397727272727228,94.49275297730566,157.17106951478507,2.9528985305408018,4.911595922337034,0.03125,0.03125,0.03125,0.03125,3.9165104166493796,2,10.39972,-75.51444
Flutter,N,LATAM,Ponta Grossa,30,29,6,4,2,5,0,0,0,4,0,64.0,64.0,128.0,188.0,,3.4206477271815094,45.55384525827157,68.14235389039739,1.5184615086090525,2.2714117963465794,0.0,0.0,0.0,0.13333333333333333,3.9165104166493796,2,-25.095,-50.16194
Flutter,N,LATAM,João Pessoa,29,26,0,1,1,1,0,1,1,1,0,,12.0,10.0,32.0,,2.85053977281849,47.8864101288006,90.53809877858771,1.6512555216827793,3.1220034061581967,0.0,0.034482758620689655,0.034482758620689655,0.034482758620689655,3.9165104166493796,2,-7.115,-34.86306
Flutter,N,ROW,Bengaluru,1918,1588,176,159,63,113,36,44,48,91,3,18.5,19.0,62.0,118.0,221.0,3.986553030298292,1106.1033890371823,1737.7145693241441,0.576696240373922,0.9060034250907947,0.018769551616266946,0.022940563086548488,0.02502606882168926,0.04744525547445255,2.05022727273274,1,12.97194,77.59369
Flutter,N,ROW,Delhi,1779,1345,136,125,39,78,23,27,32,64,0,18.0,20.0,51.0,155.0,,2.8475378787827763,866.9627506405917,1354.922923344811,0.4873315068243911,0.7616205302668977,0.012928611579539067,0.01517706576728499,0.017987633501967398,0.035975267003934795,2.05022727273274,1,28.65195,77.23149
Flutter,N,ROW,Mumbai,1395,1091,93,82,21,71,18,21,26,57,0,39.0,37.5,161.0,166.0,,2.8475378787827763,719.8754636027297,1139.550815383719,0.5160397588550034,0.8168823049345656,0.012903225806451613,0.015053763440860216,0.01863799283154122,0.04086021505376344,2.05022727273274,1,19.07283,72.88261
Flutter,N,ROW,Hyderabad,1298,1024,87,72,28,68,15,25,28,55,5,26.0,32.0,28.0,127.5,35.0,2.8475378787827763,840.3376627437933,1312.7670413495787,0.6474096014975296,1.0113767652924335,0.011556240369799691,0.01926040061633282,0.02157164869029276,0.0423728813559322,2.05022727273274,1,17.38405,78.45636
Flutter,N,ROW,Ahmedabad,1188,957,92,79,28,40,11,13,21,35,0,47.0,43.0,72.5,87.5,,2.8475378787827763,863.6934916209126,1134.1397749353118,0.7270147235866268,0.9546631102149089,0.009259259259259259,0.010942760942760943,0.017676767676767676,0.029461279461279462,2.05022727273274,1,23.02579,72.58727
Flutter,N,ROW,Pune,1139,880,65,59,19,52,12,20,21,41,2,54.0,43.0,57.0,148.5,111.5,2.562784090906904,614.1666571213337,960.3907541693256,0.5392156778940594,0.8431876682786003,0.010535557506584723,0.01755926251097454,0.018437225636523266,0.035996488147497806,2.05022727273274,1,18.51957,73.85535
Flutter,N,ROW,Chennai,1064,806,54,47,14,40,11,13,14,34,2,14.0,14.0,58.5,127.5,63.5,2.54569886363363,682.8904806118736,1043.8299377396659,0.6418143614773248,0.9810431745673551,0.010338345864661654,0.012218045112781954,0.013157894736842105,0.03195488721804511,2.05022727273274,1,13.08784,80.27847
Flutter,N,ROW,Surat,801,693,88,74,29,32,7,7,9,23,2,53.0,30.5,77.0,270.5,304.5,2.8475378787827763,614.7214553552247,716.6596947526845,0.7674425160489697,0.8947062356462977,0.008739076154806492,0.008739076154806492,0.011235955056179775,0.02871410736579276,2.05022727273274,1,21.19594,72.83023
Flutter,N,ROW,Jakarta,675,621,79,68,19,32,8,11,12,27,0,17.0,16.5,54.0,139.5,,2.181818181818176,411.2398736159067,656.5553312819738,0.6092442572087506,0.9726745648621835,0.011851851851851851,0.016296296296296295,0.017777777777777778,0.04,2.05022727273274,1,-6.21462,106.84513
Flutter,N,ROW,Jaipur,656,513,62,56,19,26,7,7,8,20,1,21.0,19.0,53.0,175.5,466.0,2.8475378787827763,486.46899279777426,649.4300185112565,0.741568586581973,0.9899847843159398,0.010670731707317074,0.010670731707317074,0.012195121951219513,0.03048780487804878,2.05022727273274,1,26.91962,75.78781
Flutter,N,ROW,Kolkata,591,461,44,41,10,34,9,10,12,24,1,33.0,35.0,48.0,206.5,225.0,2.278030303031032,296.7313136528436,483.9078920995703,0.5020834410369605,0.8187950796947043,0.015228426395939087,0.01692047377326565,0.02030456852791878,0.04060913705583756,2.05022727273274,1,22.57265,88.36304
Flutter,N,ROW,New Delhi,528,432,52,49,16,35,11,15,21,27,0,32.5,26.0,35.5,68.0,,3.4170454545465483,254.41488652973675,404.23059260159135,0.4818463760032893,0.76558824356362,0.020833333333333332,0.028409090909090908,0.03977272727272727,0.05113636363636364,2.05022727273274,1,28.61431,77.20945
Flutter,N,ROW,Ho Chi Minh City,379,331,57,56,15,25,3,4,6,20,0,11.5,10.5,64.0,211.0,,4.232007575757577,287.36446647415397,443.67525701191056,0.7582175896415672,1.1706471161264131,0.0079155672823219,0.010554089709762533,0.0158311345646438,0.052770448548812667,2.05022727273274,1,10.82302,106.62965
Flutter,N,ROW,Bhopal,321,235,25,24,4,14,4,4,4,12,0,16.0,16.0,115.5,197.5,,2.4602727272672604,175.96695330502396,270.12465105883996,0.5481836551558379,0.841509816382679,0.012461059190031152,0.012461059190031152,0.012461059190031152,0.037383177570093455,2.05022727273274,1,23.25993,77.41261
Flutter,N,ROW,Gurugram,281,232,32,30,13,17,4,6,7,16,1,100.0,132.0,110.0,142.0,56.0,4.271306818186193,192.0248166717451,292.823270428723,0.6833623369101249,1.0420756954758825,0.014234875444839857,0.021352313167259787,0.02491103202846975,0.05693950177935943,2.05022727273274,1,28.4601,77.0263
Flutter,N,ROW,Indore,274,215,28,26,9,13,4,5,5,9,0,27.5,58.5,176.0,232.0,,2.491595643937936,189.90278481231655,293.26285790442415,0.6930758569792574,1.0703024011110371,0.014598540145985401,0.01824817518248175,0.01824817518248175,0.032846715328467155,2.05022727273274,1,22.71792,75.8333
Flutter,N,ROW,Chandigarh,272,215,26,23,6,10,4,4,7,8,0,14.0,14.0,109.0,69.0,,2.961439393937936,154.22331007559632,184.9439242700057,0.5669974635132218,0.6799408980514916,0.014705882352941176,0.014705882352941176,0.025735294117647058,0.029411764705882353,2.05022727273274,1,30.73629,76.7884
Flutter,N,ROW,Patna,270,193,16,13,5,11,4,4,4,9,0,106.0,106.0,187.0,197.0,,2.2837253787827763,132.2575052169651,203.71262846744366,0.4898426119146855,0.7544912165460876,0.014814814814814815,0.014814814814814815,0.014814814814814815,0.03333333333333333,2.05022727273274,1,25.59408,85.13756
Flutter,N,ROW,Hanoi,261,230,42,44,12,18,4,5,5,15,0,18.0,18.0,92.0,144.0,,6.260653409090924,295.17589292489635,409.7399818628252,1.130942118486193,1.569884987980173,0.01532567049808429,0.019157088122605363,0.019157088122605363,0.05747126436781609,2.05022727273274,1,21.02851,105.80482
Flutter,N,ROW,Coimbatore,238,180,14,14,7,7,1,2,2,5,2,8.0,9.0,45.0,214.0,34.5,2.278030303031032,113.92314052304667,171.4288008592113,0.47866865765985994,0.7202890792403835,0.004201680672268907,0.008403361344537815,0.008403361344537815,0.02100840336134454,2.05022727273274,1,11.00555,76.96612
Flutter,N,ROW,Lahore,1446,1287,163,151,60,97,14,21,27,77,4,44.0,44.0,131.5,184.0,141.0,1.1890909090905921,952.9572862455874,1356.8746981902577,0.6590299351629235,0.9383642449448532,0.009681881051175657,0.014522821576763486,0.01867219917012448,0.05325034578146611,2.05022727273274,2,31.54972,74.34361
Flutter,N,ROW,Karachi,1314,1142,124,122,35,68,17,19,22,48,0,52.0,52.0,87.0,212.5,,0.8257575757560961,920.0600113323412,1371.9404379594812,0.700197877726287,1.0440947016434408,0.01293759512937595,0.01445966514459665,0.0167427701674277,0.0365296803652968,2.05022727273274,2,24.8608,67.0104
Flutter,N,ROW,Islamabad,847,741,91,82,35,54,17,20,21,38,1,107.0,103.5,115.0,195.5,71.0,0.8257575757560961,552.6052499781258,809.6810609337471,0.6524265052870435,0.9559398594259115,0.020070838252656435,0.023612750885478158,0.024793388429752067,0.0448642266824085,2.05022727273274,2,33.68442,73.0479
Flutter,N,ROW,Dhaka,765,638,67,57,26,33,10,11,13,25,0,41.0,31.0,115.5,187.0,,1.2852272727231602,558.036069811487,779.6503347271503,0.7294589147862575,1.0191507643492161,0.013071895424836602,0.01437908496732026,0.01699346405228758,0.032679738562091505,2.05022727273274,2,23.81033,90.41252
Flutter,N,ROW,Kathmandu,680,572,60,54,22,38,14,15,15,28,2,96.0,86.5,65.0,117.5,194.5,1.419128787879242,311.6768285688184,482.5680415614381,0.4583482773070859,0.7096588846491737,0.020588235294117647,0.022058823529411766,0.022058823529411766,0.041176470588235294,2.05022727273274,2,27.70169,85.3206
Flutter,N,ROW,Kochi,610,475,24,24,7,18,6,6,8,15,0,7.0,6.0,69.0,112.5,,1.8508996212172242,432.7529344154438,592.7814050744479,0.7094310400253178,0.9717727952040129,0.009836065573770493,0.009836065573770493,0.013114754098360656,0.02459016393442623,2.05022727273274,2,9.93123,76.2673
Flutter,N,ROW,Lucknow,529,391,19,18,6,27,5,6,8,20,0,17.0,17.0,85.0,149.0,,1.9932765151551601,322.550471270648,458.48044453745746,0.6097362405872363,0.8666927117910349,0.00945179584120983,0.011342155009451797,0.015122873345935728,0.03780718336483932,2.05022727273274,2,26.83928,80.92313
Flutter,N,ROW,Rawalpindi,468,395,47,43,21,25,2,2,4,17,1,66.0,66.0,210.0,295.0,32.0,0.660606060606272,283.3532849642096,410.1099582776682,0.6054557371030119,0.8763033296531373,0.004273504273504274,0.004273504273504274,0.008547008547008548,0.03632478632478633,2.05022727273274,2,33.59446,73.05661
Flutter,N,ROW,Faisalabad,262,223,27,25,9,8,3,3,3,5,0,61.0,41.0,137.0,343.0,,0.8257575757560961,248.1968331620419,325.39500253282176,0.9473161571070302,1.2419656585222205,0.011450381679389313,0.011450381679389313,0.011450381679389313,0.019083969465648856,2.05022727273274,2,31.41803,73.07981
Flutter,N,ROW,Colombo,257,212,10,8,3,6,1,1,1,3,0,54.0,54.0,79.0,445.0,,1.071178977273147,254.76247643255022,407.9258275024179,0.991293682616927,1.5872600291922876,0.0038910505836575876,0.0038910505836575876,0.0038910505836575876,0.011673151750972763,2.05022727273274,2,6.92708,79.86124
Flutter,N,ROW,Bandung,252,237,17,15,6,13,6,7,7,9,0,13.0,13.0,38.0,36.0,,1.4636363636363838,121.85356931077077,178.9507548665771,0.48354590996337604,0.7101220431213378,0.023809523809523808,0.027777777777777776,0.027777777777777776,0.03571428571428571,2.05022727273274,2,-6.93487,107.60495
Flutter,N,ROW,Nagpur,201,158,9,9,0,6,2,2,3,5,0,168.0,229.0,,132.5,,1.9932765151551601,74.06646394018937,132.3152066863666,0.36848987034920083,0.6582846103799334,0.009950248756218905,0.009950248756218905,0.014925373134328358,0.024875621890547265,2.05022727273274,2,21.14631,79.08491
Flutter,N,ROW,Surabaya,198,177,16,15,8,15,4,5,7,10,0,15.0,15.0,77.5,171.0,,0.9090909090908799,76.04493382363127,112.86268956805415,0.38406532234157204,0.5700135836770411,0.020202020202020204,0.025252525252525252,0.03535353535353535,0.050505050505050504,2.05022727273274,2,-7.24917,112.75083
Flutter,N,ROW,Multan,194,158,13,11,5,8,1,2,2,8,0,7.0,7.0,25.0,171.0,,0.660606060606272,185.8029715815966,272.5118410238692,0.957747276193797,1.4047002114632432,0.005154639175257732,0.010309278350515464,0.010309278350515464,0.041237113402061855,2.05022727273274,2,30.19556,71.47528
Flutter,N,ROW,Peshawar,173,153,15,10,6,8,0,2,3,6,0,121.5,121.5,185.0,115.0,,0.59454545454704,118.69785021578312,160.28636705823922,0.6861147411316944,0.9265107922441573,0.0,0.011560693641618497,0.017341040462427744,0.03468208092485549,2.05022727273274,2,34.00752,71.57368
Flutter,N,ROW,Tashkent,150,133,13,13,4,3,0,2,2,2,0,4.0,4.0,63.5,48.0,,1.16477272727269,236.02081688353485,293.56185617938394,1.573472112556899,1.957079041195893,0.0,0.013333333333333334,0.013333333333333334,0.013333333333333334,2.05022727273274,2,41.3117,69.27951
Flutter,N,ROW,Bhubaneswar,149,113,15,14,2,9,3,3,4,8,0,58.5,58.5,160.5,166.0,,1.8224242424224202,51.80215575883191,92.52967137417708,0.3476654748914893,0.6210045058669603,0.020134228187919462,0.020134228187919462,0.026845637583892617,0.053691275167785234,2.05022727273274,2,20.27241,85.83385
Flutter,N,ROW,Thrissur,131,91,8,6,4,7,1,1,1,6,1,11.0,11.0,35.0,168.0,141.0,1.7085227272672603,133.0901748124879,169.79322280625502,1.015955532919755,1.2961314718034733,0.007633587786259542,0.007633587786259542,0.007633587786259542,0.04580152671755725,2.05022727273274,2,10.51667,76.21667
Flutter,N,ROW,Malappuram,128,98,8,5,0,3,1,1,1,2,0,305.0,305.0,,174.0,,1.6060113636336302,113.17713645470049,144.43694252245416,0.8841963785523476,1.1284136134566731,0.0078125,0.0078125,0.0078125,0.015625,2.05022727273274,2,11.07205,76.074
Flutter,N,ROW,Bekasi,110,104,14,12,5,6,2,4,4,6,0,18.0,18.0,47.0,56.0,,2.0,59.266606958016226,100.6670440933281,0.5387873359819657,0.9151549463029828,0.01818181818181818,0.03636363636363636,0.03636363636363636,0.05454545454545454,2.05022727273274,2,-6.2349,106.9896
Go,N,LATAM,São Paulo,304,291,67,82,54,113,33,40,49,99,2,44.0,30.0,76.5,145.0,313.0,11.402159090872603,510.34335825901957,995.199763955102,1.6787610469046697,3.2736834340628356,0.10855263157894737,0.13157894736842105,0.1611842105263158,0.3256578947368421,6.8412954545636975,1,-23.5475,-46.63611
Go,N,LATAM,Rio de Janeiro,148,141,33,31,16,47,13,17,22,45,2,29.5,36.0,63.5,110.0,155.0,9.69183522718151,318.508057010155,603.3642852862549,2.152081466284831,4.076785711393614,0.08783783783783784,0.11486486486486487,0.14864864864864866,0.30405405405405406,6.8412954545636975,1,-22.90642,-43.18223
Go,N,LATAM,Belo Horizonte,80,75,26,26,18,26,5,7,9,25,1,71.0,74.5,84.0,130.0,86.0,8.551619318254792,160.83541677858474,305.0679129756662,2.010442709732309,3.8133489121958277,0.0625,0.0875,0.1125,0.3125,6.8412954545636975,1,-19.92083,-43.93778
Go,N,LATAM,Brasília,75,69,23,23,12,19,3,6,6,17,3,120.0,41.0,78.5,171.0,77.0,7.981511363691094,120.37132156352995,258.3840108452528,1.6049509541803992,3.445120144603371,0.04,0.08,0.08,0.22666666666666666,6.8412954545636975,1,-15.77972,-47.92972
Go,N,LATAM,Curitiba,69,66,24,24,15,28,13,16,18,24,4,20.0,18.5,28.0,55.5,244.5,10.493787083299885,110.16885739056384,276.54376064939265,1.5966501071096209,4.0078805891216325,0.18840579710144928,0.2318840579710145,0.2608695652173913,0.34782608695652173,6.8412954545636975,1,-25.42778,-49.27306
Go,N,LATAM,Santiago,67,62,14,18,13,19,1,3,5,16,1,10.5,11.5,55.0,158.0,88.0,14.151988636363736,183.9077718072892,349.53673750510626,2.7448921165267044,5.216966231419496,0.014925373134328358,0.04477611940298507,0.07462686567164178,0.23880597014925373,6.8412954545636975,1,-33.44889,-70.66927
Go,N,LATAM,Porto Alegre,62,60,21,21,14,22,6,7,11,20,1,88.0,88.0,92.0,90.5,76.0,9.501799242326943,119.6842602734899,276.74547836113203,1.930391294733708,4.463636747760194,0.0967741935483871,0.11290322580645161,0.1774193548387097,0.3225806451612903,6.8412954545636975,1,-30.03283,-51.23019
Go,N,LATAM,Toronto,49,47,11,10,1,8,4,5,6,7,1,5.0,16.5,12.0,37.0,307.0,29.00863162891344,25.316030648195323,61.177710362565655,0.5166536866978637,1.2485247012768501,0.08163265306122448,0.10204081632653061,0.12244897959183673,0.14285714285714285,6.8412954545636975,1,43.65322,-79.38318
Go,N,LATAM,Florianópolis,48,46,8,11,5,18,9,13,14,17,0,12.5,15.0,15.0,31.0,,13.302518939418263,70.86951772288472,165.4937752096942,1.4764482858934318,3.447786983535296,0.1875,0.2708333333333333,0.2916666666666667,0.3541666666666667,6.8412954545636975,1,-27.59667,-48.54917
Go,N,LATAM,Mexico City,43,42,12,12,9,12,5,6,7,12,1,5.0,18.0,55.0,49.0,166.0,20.257812500020744,64.14024522364531,157.13863835035886,1.4916336098522165,3.654386938380439,0.11627906976744186,0.13953488372093023,0.16279069767441862,0.27906976744186046,6.8412954545636975,1,19.42847,-99.12766
Go,N,LATAM,Campinas,39,37,9,10,5,10,3,4,4,9,0,20.0,19.5,25.0,129.5,,8.599128314418262,85.23871188863718,170.81873140776057,2.185607997144543,4.379967471993861,0.07692307692307693,0.10256410256410256,0.10256410256410256,0.23076923076923078,6.8412954545636975,1,-22.90556,-47.06083
Go,N,LATAM,Montevideo,35,30,5,5,3,6,1,1,1,3,0,72.0,72.0,349.0,288.0,,12.529166666670678,52.845371133374826,113.38464697340243,1.509867746667852,3.239561342097212,0.02857142857142857,0.02857142857142857,0.02857142857142857,0.08571428571428572,6.8412954545636975,1,-34.90111,-56.16444
Go,N,LATAM,Goiânia,35,34,10,10,8,10,3,4,4,8,1,22.0,21.5,28.5,168.0,95.0,9.960926181745208,58.74048995344599,135.23096418903936,1.6782997129555997,3.863741833972553,0.08571428571428572,0.11428571428571428,0.11428571428571428,0.22857142857142856,6.8412954545636975,1,-16.67861,-49.25389
Go,N,LATAM,Salvador,29,29,6,6,4,11,3,3,5,9,0,103.5,36.5,90.5,131.0,,9.881871212036076,53.38147603127269,132.09681747155062,1.8407405528025065,4.55506267143278,0.10344827586206896,0.10344827586206896,0.1724137931034483,0.3103448275862069,6.8412954545636975,1,-12.97563,-38.49096
Go,N,LATAM,Quito,28,27,6,6,4,11,3,3,4,10,0,28.5,28.5,87.5,157.0,,10.416666667,41.7612648475356,97.19700685410903,1.491473744554843,3.471321673361037,0.10714285714285714,0.10714285714285714,0.14285714285714285,0.35714285714285715,6.8412954545636975,1,-0.22985,-78.52495
Go,N,LATAM,Santo André,27,27,11,10,6,10,0,2,2,10,0,144.0,133.5,108.0,165.5,,8.646637310581736,44.095737432486466,61.000776893399326,1.6331754604624618,2.259288033088864,0.0,0.07407407407407407,0.07407407407407407,0.37037037037037035,6.8412954545636975,1,-23.66389,-46.53833
Go,N,LATAM,Guadalajara,27,26,10,10,7,6,2,2,2,6,0,40.0,22.5,53.0,202.5,,8.64333333332469,57.76984823969453,119.36725258374669,2.139624008877575,4.421009354953581,0.07407407407407407,0.07407407407407407,0.07407407407407407,0.2222222222222222,6.8412954545636975,1,20.67667,-103.3475
Go,N,LATAM,Zapopan,24,24,9,9,4,5,0,1,2,4,0,36.5,22.0,66.0,148.0,,9.723750000025928,72.73399883302991,119.75479060637684,3.03058328470958,4.9897829419323685,0.0,0.041666666666666664,0.08333333333333333,0.16666666666666666,6.8412954545636975,1,20.72356,-103.38479
Go,N,LATAM,Montreal,23,19,2,2,0,2,2,2,2,2,0,259.0,259.0,,0.0,,22.767911932176865,9.847833140203418,22.885296367371527,0.42816665826971384,0.9950128855378925,0.08695652173913043,0.08695652173913043,0.08695652173913043,0.08695652173913043,6.8412954545636975,1,45.50884,-73.58781
Go,N,LATAM,Uberlândia,23,20,3,4,3,3,1,1,1,3,0,17.0,15.0,18.0,121.0,,11.402159090872603,52.718394905809326,94.15142468642999,2.292104126339536,4.093540203757826,0.043478260869565216,0.043478260869565216,0.043478260869565216,0.13043478260869565,6.8412954545636975,1,-18.91861,-48.27722
Go,N,LATAM,Bogotá,216,197,42,42,21,46,9,15,19,37,4,15.0,13.0,56.0,119.0,204.0,4.19318181818193,524.4497910560921,1093.1635460168875,2.428008291926352,5.060942342670775,0.041666666666666664,0.06944444444444445,0.08796296296296297,0.1712962962962963,6.8412954545636975,2,4.60971,-74.08175
Go,N,LATAM,Buenos Aires,139,132,31,34,17,31,8,10,11,26,3,11.5,15.5,27.0,129.0,75.0,5.41666666666554,230.4369577694124,482.7158996426281,1.657819840067715,3.472776256421785,0.05755395683453238,0.07194244604316546,0.07913669064748201,0.18705035971223022,6.8412954545636975,2,-34.61315,-58.37723
Go,N,LATAM,Medellín,94,87,17,20,11,23,8,11,12,22,1,133.0,34.0,55.0,62.0,63.0,4.19318181818193,262.83718996391417,490.4542067016715,2.7961403187650444,5.217597943634804,0.0851063829787234,0.11702127659574468,0.1276595744680851,0.23404255319148937,6.8412954545636975,2,6.25184,-75.56359
Go,N,LATAM,Lima,69,67,13,15,5,20,5,8,9,16,0,80.0,90.0,85.0,106.5,,3.9383501421054667,107.86287578889346,257.1880150435211,1.5632300838970068,3.7273625368626244,0.07246376811594203,0.11594202898550725,0.13043478260869565,0.2318840579710145,6.8412954545636975,2,-12.04318,-77.02824
Go,N,LATAM,Fortaleza,57,54,11,12,5,11,4,4,6,11,0,88.0,133.0,56.0,82.0,,4.513354640145433,64.13089756614305,151.96892716606487,1.125103466072685,2.6661215292292084,0.07017543859649122,0.07017543859649122,0.10526315789473684,0.19298245614035087,6.8412954545636975,2,-3.71722,-38.54306
Go,N,LATAM,Santiago de Cali,54,50,14,13,8,10,2,6,6,10,0,33.5,37.0,56.0,54.0,,3.144886363636263,85.4854352052857,154.28757771044113,1.583063614912698,2.857177365008169,0.037037037037037035,0.1111111111111111,0.1111111111111111,0.18518518518518517,6.8412954545636975,2,-3.43722,-76.5225
Go,N,LATAM,Recife,49,46,7,9,7,16,5,6,6,14,1,6.0,6.0,22.0,137.0,98.0,4.4658456438816225,70.14552690843445,146.210144951482,1.431541365478254,2.9838805092139182,0.10204081632653061,0.12244897959183673,0.12244897959183673,0.2857142857142857,6.8412954545636975,2,-8.05389,-34.88111
Go,N,LATAM,Guatemala City,40,38,10,11,6,10,1,3,3,10,2,19.0,19.0,27.5,110.5,104.5,3.6688679687500003,66.54623785673051,107.42897327334475,1.6636559464182628,2.685724331833619,0.025,0.075,0.075,0.25,6.8412954545636975,2,14.64072,-90.51327
Go,N,LATAM,Córdoba,39,31,9,8,3,7,1,1,3,6,1,120.0,120.0,65.0,123.0,512.0,2.7083333333342,110.49476159973483,180.5604461438661,2.833199015377816,4.6297550293299,0.02564102564102564,0.02564102564102564,0.07692307692307693,0.15384615384615385,6.8412954545636975,2,-31.4135,-64.18105
Go,N,LATAM,Santo Domingo,25,20,6,6,4,7,0,0,0,6,0,35.5,35.5,148.5,199.0,,6.289772727272773,81.14922061672107,163.623291519334,3.2459688246688425,6.5449316607733605,0.0,0.0,0.0,0.24,6.8412954545636975,2,18.47186,-69.89232
Go,N,LATAM,Manaus,23,20,3,3,2,7,1,1,1,4,0,188.0,188.0,212.0,357.0,,2.280431818254792,38.986090645375356,92.28458446718149,1.6950474193641458,4.012373237703543,0.043478260869565216,0.043478260869565216,0.043478260869565216,0.17391304347826086,6.8412954545636975,2,-3.10194,-60.025
Go,N,LATAM,Vancouver,19,16,1,1,0,0,0,0,0,0,0,1.0,1.0,,,,,34.57529646172506,95.56252799462793,1.8197524453539504,5.029606736559365,0.0,0.0,0.0,0.0,6.8412954545636975,2,49.24966,-123.11934
Go,N,LATAM,Guarulhos,19,19,1,1,1,5,1,1,2,4,0,407.0,407.0,440.0,166.0,,4.275809659027057,50.83033240240659,141.048349023534,2.6752806527582416,7.423597317028105,0.05263157894736842,0.05263157894736842,0.10526315789473684,0.21052631578947367,6.8412954545636975,2,-23.46278,-46.53333
Go,N,LATAM,Barranquilla,19,18,2,2,1,5,1,2,2,4,0,24.0,24.0,36.0,126.0,,5.823863636363532,55.79381305913381,89.70197516294226,2.936516476796516,4.721156587523277,0.05263157894736842,0.10526315789473684,0.10526315789473684,0.21052631578947367,6.8412954545636975,2,10.96854,-74.78132
Go,N,LATAM,Port-au-Prince,19,3,0,0,0,1,0,0,0,0,0,,,,488.0,,0.0206847206433775,83.33673557139343,176.7818425291644,4.386143977441759,9.30430750153497,0.0,0.0,0.0,0.0,6.8412954545636975,2,18.59439,-72.30743
Go,N,LATAM,Maceió,15,15,5,6,3,5,0,1,1,5,0,34.0,21.5,55.0,154.0,,6.8412954545636975,10.405368855403436,27.388550461852684,0.6936912570268957,1.8259033641235123,0.0,0.06666666666666667,0.06666666666666667,0.3333333333333333,6.8412954545636975,2,-9.66583,-35.73528
Go,N,LATAM,Bucaramanga,15,13,3,3,2,5,1,2,2,5,0,37.0,37.0,287.0,132.0,,0.23295454545462002,15.629187426126979,26.792892730503393,1.0419458284084653,1.786192848700226,0.06666666666666667,0.13333333333333333,0.13333333333333333,0.3333333333333333,6.8412954545636975,2,7.12539,-73.1198
Go,N,LATAM,Managua,15,13,4,4,2,3,1,1,1,2,0,150.5,150.5,117.0,109.0,,1.858840909095866,71.29232603459322,111.98851617359664,4.7528217356395475,7.465901078239776,0.06666666666666667,0.06666666666666667,0.06666666666666667,0.13333333333333333,6.8412954545636975,2,12.13282,-86.2504
Go,N,LATAM,Caracas,15,14,3,0,0,2,2,2,2,2,0,7.5,,,12.0,,0.125267045458554,26.057743490928246,71.64862221804593,1.7371828993952163,4.776574814536395,0.13333333333333333,0.13333333333333333,0.13333333333333333,0.13333333333333333,6.8412954545636975,2,10.48801,-66.87919
Go,N,LATAM,Campo Grande,14,12,3,3,3,4,0,1,1,2,0,6.0,6.0,48.0,303.5,,6.509492625,52.004659991977725,108.95138547660858,3.714618570855552,7.782241819757756,0.0,0.07142857142857142,0.07142857142857142,0.14285714285714285,6.8412954545636975,2,-20.44278,-54.64639
Go,N,ROW,Bengaluru,1244,1121,200,212,95,223,58,74,89,188,8,17.0,16.5,68.0,126.0,150.0,10.820643939391388,675.9228061963626,1228.470873581799,0.5433463072318027,0.9875167794065908,0.04662379421221865,0.0594855305466238,0.07154340836012862,0.15112540192926044,5.042989583335338,1,12.97194,77.59369
Go,N,ROW,Hyderabad,555,488,79,91,33,82,19,24,33,66,4,26.0,19.0,105.0,148.0,126.0,6.834090909093097,401.6371761519851,615.2020117582346,0.7236705876612344,1.1084720932580803,0.03423423423423423,0.043243243243243246,0.05945945945945946,0.11891891891891893,5.042989583335338,1,17.38405,78.45636
Go,N,ROW,Delhi,527,473,110,117,48,94,15,24,31,77,2,33.0,25.0,65.0,150.0,120.5,7.46054924242242,348.4260973573753,600.6644416122898,0.6611500898621921,1.139780724121992,0.028462998102466792,0.04554079696394687,0.058823529411764705,0.1461100569259962,5.042989583335338,1,28.65195,77.23149
Go,N,ROW,Pune,410,346,54,58,33,63,13,17,22,52,0,22.0,17.0,75.0,146.0,,5.524223484844841,219.66764943801496,368.9962319758932,0.5357747547268658,0.8999908096973004,0.03170731707317073,0.041463414634146344,0.05365853658536585,0.12682926829268293,5.042989583335338,1,18.51957,73.85535
Go,N,ROW,Mumbai,382,338,73,79,31,61,13,17,19,47,0,37.5,36.0,108.0,176.0,,7.175795454546548,225.9729895894449,362.65796506733886,0.5915523287681803,0.9493664006998399,0.034031413612565446,0.04450261780104712,0.049738219895287955,0.12303664921465969,5.042989583335338,1,19.07283,72.88261
Go,N,ROW,Chennai,282,235,36,42,15,36,6,8,10,31,0,34.0,23.5,97.0,183.5,,5.69507575757758,205.42654424443455,359.66337636655305,0.7284629228526048,1.275402043853025,0.02127659574468085,0.028368794326241134,0.03546099290780142,0.1099290780141844,5.042989583335338,1,13.08784,80.27847
Go,N,ROW,Ho Chi Minh City,256,237,62,59,27,33,7,8,11,23,0,19.0,18.0,111.0,284.0,,7.7651515151515,224.06001277171666,436.7648015649546,0.8752344248895182,1.706112506113104,0.02734375,0.03125,0.04296875,0.08984375,5.042989583335338,1,10.82302,106.62965
Go,N,ROW,New Delhi,193,179,45,48,27,41,10,15,19,36,1,16.0,18.5,32.0,128.0,58.0,8.750473485,97.24176337373244,173.3963356495604,0.5038433335426551,0.8984266095832145,0.05181347150259067,0.07772020725388601,0.09844559585492228,0.18652849740932642,5.042989583335338,1,28.61431,77.20945
Go,N,ROW,Ahmedabad,172,154,60,61,34,37,8,10,10,32,0,68.0,31.0,100.5,166.0,,5.125568181813808,109.50912529443781,193.99793174032348,0.6366809610141733,1.127894951978625,0.046511627906976744,0.05813953488372093,0.05813953488372093,0.18604651162790697,5.042989583335338,1,23.02579,72.58727
Go,N,ROW,Lucknow,152,127,23,24,11,18,5,7,8,15,0,28.0,26.0,125.0,148.5,,5.95139972726726,57.08151313211489,123.71292954458436,0.375536270606019,0.8139008522670024,0.03289473684210526,0.046052631578947366,0.05263157894736842,0.09868421052631579,5.042989583335338,1,26.83928,80.92313
Go,N,ROW,Jaipur,149,138,30,31,15,20,3,3,6,18,0,27.5,20.0,152.0,124.0,,8.08700757575776,91.12273784813114,151.5233588466242,0.6115619989807459,1.0169352942726457,0.020134228187919462,0.020134228187919462,0.040268456375838924,0.12080536912751678,5.042989583335338,1,26.91962,75.78781
Go,N,ROW,Hanoi,149,142,38,38,15,17,3,4,4,16,0,56.5,17.0,71.0,139.0,,7.7651515151515,148.8865020167225,254.1059530847225,0.9992382685686073,1.70540908110552,0.020134228187919462,0.026845637583892617,0.026845637583892617,0.10738255033557047,5.042989583335338,1,21.02851,105.80482
Go,N,ROW,Bangkok,144,131,28,26,17,21,2,3,5,18,0,38.0,30.5,63.0,222.0,,9.020977272714829,127.77486877314347,240.73727686451176,0.8873254775912741,1.6717866448924428,0.013888888888888888,0.020833333333333332,0.034722222222222224,0.125,5.042989583335338,1,13.75398,100.50144
Go,N,ROW,Gurugram,106,96,27,28,13,22,6,7,9,18,0,40.0,47.0,110.0,129.0,,11.39015151515516,60.02152687304477,125.283041577551,0.5662408195570261,1.1819154865806698,0.05660377358490566,0.0660377358490566,0.08490566037735849,0.16981132075471697,5.042989583335338,1,28.4601,77.0263
Go,N,ROW,Patna,100,86,8,10,5,11,3,3,4,10,0,58.0,96.0,187.0,221.0,,5.581174242422421,49.56673264506051,83.29611791746699,0.49566732645060513,0.8329611791746698,0.03,0.03,0.04,0.1,5.042989583335338,1,25.59408,85.13756
Go,N,ROW,Bhopal,98,83,24,25,11,12,4,4,5,11,1,75.0,80.0,81.0,98.5,224.0,5.154043560602599,36.981951105271094,60.85273656583477,0.3773668480129703,0.6209462914881099,0.04081632653061224,0.04081632653061224,0.05102040816326531,0.11224489795918367,5.042989583335338,1,23.25993,77.41261
Go,N,ROW,Yerevan,92,91,26,27,13,26,8,9,11,20,1,17.0,17.0,30.0,181.0,29.0,14.75852272727745,69.54735473659248,125.86326784899045,0.75594950800644,1.3680789983585917,0.08695652173913043,0.09782608695652174,0.11956521739130435,0.21739130434782608,5.042989583335338,1,40.18111,44.51361
Go,N,ROW,Surat,88,83,36,37,22,26,5,6,9,21,3,31.0,27.0,61.0,179.0,299.0,5.581174242422421,15.137147163028827,26.58377874667019,0.1720130359435094,0.3020883948485249,0.056818181818181816,0.06818181818181818,0.10227272727272728,0.23863636363636365,5.042989583335338,1,21.19594,72.83023
Go,N,ROW,Noida,79,69,10,13,8,13,1,3,4,9,0,43.5,27.0,74.0,215.0,,10.535890151515517,40.766331655452596,81.46547969481058,0.5160295146259822,1.0312086037317796,0.012658227848101266,0.0379746835443038,0.05063291139240506,0.11392405063291139,5.042989583335338,1,28.57,77.32
Go,N,ROW,Coimbatore,66,60,15,18,14,10,1,1,2,7,1,16.0,20.5,70.0,290.5,50.0,7.40359848484484,49.74321440071256,87.63011661877944,0.753685066677463,1.3277290396784764,0.015151515151515152,0.015151515151515152,0.030303030303030304,0.10606060606060606,5.042989583335338,1,11.00555,76.96612
Go,N,ROW,Jakarta,485,456,78,77,30,44,9,9,14,34,1,32.0,29.0,90.5,153.0,61.0,3.515151515151488,242.11473107658935,454.5258061195393,0.4992056310857512,0.9371666105557511,0.018556701030927835,0.018556701030927835,0.0288659793814433,0.07010309278350516,5.042989583335338,2,-6.21462,106.84513
Go,N,ROW,Lahore,290,245,119,125,87,81,12,18,26,59,8,44.0,43.0,68.0,175.0,210.5,3.30303030303136,238.3993634284101,415.3016769388724,0.8220667704427935,1.4320747480650773,0.041379310344827586,0.06206896551724138,0.0896551724137931,0.20344827586206896,5.042989583335338,2,31.54972,74.34361
Go,N,ROW,Kolkata,184,164,29,30,17,25,4,4,9,22,2,24.5,23.0,69.0,151.0,176.0,5.042989583335338,86.4719732237348,192.2233075825737,0.46995637621595004,1.0446918890357266,0.021739130434782608,0.021739130434782608,0.04891304347826087,0.11956521739130435,5.042989583335338,2,22.57265,88.36304
Go,N,ROW,Karachi,175,153,61,63,37,24,2,4,5,17,0,95.0,62.0,124.0,246.5,,2.4772727272717763,195.98297550189199,284.14372828602484,1.1199027171536684,1.6236784473487134,0.011428571428571429,0.022857142857142857,0.02857142857142857,0.09714285714285714,5.042989583335338,2,24.8608,67.0104
Go,N,ROW,Bandung,143,132,19,19,4,14,4,4,4,9,0,43.0,43.0,27.5,256.0,,2.545454545454528,55.625905286500235,122.87305917982931,0.3889923446608408,0.8592521620967085,0.027972027972027972,0.027972027972027972,0.027972027972027972,0.06293706293706294,5.042989583335338,2,-6.93487,107.60495
Go,N,ROW,Islamabad,140,121,36,39,17,23,9,9,11,21,3,107.5,107.0,152.0,105.0,71.0,1.6845454545470402,118.21360002318613,213.5077195092827,0.8443828573084724,1.5250551393520193,0.06428571428571428,0.06428571428571428,0.07857142857142857,0.15,5.042989583335338,2,33.68442,73.0479
Go,N,ROW,Dhaka,126,107,35,36,21,19,3,6,6,17,0,24.5,24.0,105.0,136.0,,3.084545454544632,96.40209376485603,189.93275084170983,0.7650959822607621,1.5074027844580145,0.023809523809523808,0.047619047619047616,0.047619047619047616,0.1349206349206349,5.042989583335338,2,23.81033,90.41252
Go,N,ROW,Rawalpindi,99,77,28,29,12,20,5,5,7,12,1,26.0,26.0,86.5,220.5,173.0,0.792727272728224,100.03730222205925,163.99177994167044,1.0104778002228207,1.6564826256734388,0.050505050505050504,0.050505050505050504,0.0707070707070707,0.12121212121212122,5.042989583335338,2,33.59446,73.05661
Go,N,ROW,Kathmandu,84,75,20,21,9,13,3,3,4,10,1,130.0,97.0,220.0,166.0,182.0,4.257386363637726,31.303970376414462,60.092792461490085,0.37266631400493405,0.7153903864463105,0.03571428571428571,0.03571428571428571,0.047619047619047616,0.11904761904761904,5.042989583335338,2,27.70169,85.3206
Go,N,ROW,Kochi,80,73,9,10,5,10,3,3,4,9,0,44.0,44.0,64.0,128.5,,3.4170454545465483,56.994526699998964,109.81123387564004,0.712431583749987,1.3726404234455005,0.0375,0.0375,0.05,0.1125,5.042989583335338,2,9.93123,76.2673
Go,N,ROW,Surabaya,80,76,10,10,3,7,3,3,3,7,0,150.0,142.5,230.0,125.0,,2.890909090909088,44.321632323687695,97.80436425699449,0.5540204040460962,1.2225545532124311,0.0375,0.0375,0.0375,0.0875,5.042989583335338,2,-7.24917,112.75083
Go,N,ROW,Indore,77,67,11,12,8,10,0,2,3,9,1,13.5,8.0,38.5,130.5,99.0,4.692742424248256,40.022888727049846,76.00411283238876,0.519777775675972,0.9870664004206332,0.0,0.025974025974025976,0.03896103896103896,0.11688311688311688,5.042989583335338,2,22.71792,75.8333
Go,N,ROW,Tashkent,71,63,12,12,6,10,0,2,3,8,0,7.0,7.0,52.0,162.5,,1.9412878787878438,63.59046732484604,114.78986110214,0.8956403848569865,1.6167586070723943,0.0,0.028169014084507043,0.04225352112676056,0.11267605633802817,5.042989583335338,2,41.3117,69.27951
Go,N,ROW,Bekasi,70,65,7,6,3,7,2,3,3,5,0,48.0,61.0,47.0,139.0,,3.636363636363648,34.35400225790434,51.1039027611914,0.49077146082720485,0.7300557537313057,0.02857142857142857,0.04285714285714286,0.04285714285714286,0.07142857142857142,5.042989583335338,2,-6.2349,106.9896
Go,N,ROW,Tangerang,55,53,5,5,2,4,0,1,1,4,0,13.0,13.0,27.5,213.0,,4.090909090909088,47.990220328204174,91.99695631245227,0.8725494605128031,1.6726719329536777,0.0,0.01818181818181818,0.01818181818181818,0.07272727272727272,5.042989583335338,2,-6.17806,106.63
Go,N,ROW,Semarang,49,48,8,9,1,2,0,0,0,2,0,12.0,13.0,46.0,156.0,,2.45454545454544,15.157685930341477,17.76960750455037,0.3093405291906424,0.36264505111327283,0.0,0.0,0.0,0.04081632653061224,5.042989583335338,2,-6.99306,110.42083
Go,N,ROW,Nagpur,47,39,3,3,1,4,2,2,3,4,0,9.0,9.0,21.0,41.5,,2.8475378787827763,25.1914038528403,51.81572688354072,0.5359873160178787,1.1024622741178876,0.0425531914893617,0.0425531914893617,0.06382978723404255,0.0851063829787234,5.042989583335338,2,21.14631,79.08491
Go,N,ROW,Faisalabad,40,33,16,15,7,7,1,1,1,5,0,32.0,32.0,151.0,274.0,,2.7745454545470403,65.67644629755164,98.65938807921988,1.6419111574387908,2.466484701980497,0.025,0.025,0.025,0.125,5.042989583335338,2,31.41803,73.07981
Go,N,ROW,Bogor,39,36,7,6,1,3,2,2,2,3,0,57.0,57.0,57.0,0.0,,2.7272727272727035,7.61410356565732,14.274648461365365,0.1952334247604441,0.3660166272144965,0.05128205128205128,0.05128205128205128,0.05128205128205128,0.07692307692307693,5.042989583335338,2,-6.59444,106.78917
Go,N,ROW,South Tangerang,37,35,9,8,7,4,0,1,1,3,0,6.0,6.0,27.0,248.0,,3.7878787878787836,10.1589461620607,19.84865823867755,0.274566112488127,0.5364502226669609,0.0,0.02702702702702703,0.02702702702702703,0.08108108108108109,5.042989583335338,2,-6.28862,106.71789
Python,N,LATAM,São Paulo,5765,5028,378,471,244,931,341,403,457,787,12,34.0,33.0,60.5,94.0,111.5,5.7010795454363015,20502.732116276406,25826.12418793187,3.5564149377756125,4.479813389060168,0.05915004336513443,0.06990459670424978,0.0792714657415438,0.13651344319167388,3.2234853929224907,1,-23.5475,-46.63611
Python,N,LATAM,Bogotá,5592,4968,349,402,202,805,324,376,426,691,12,57.0,39.0,88.0,76.0,204.5,3.49431818181807,22162.375983563656,27669.985498689253,3.9632288954870627,4.94813760706174,0.05793991416309013,0.06723891273247497,0.07618025751072961,0.12356938483547926,3.2234853929224907,1,4.60971,-74.08175
Python,N,LATAM,Rio de Janeiro,2328,2003,141,177,95,391,144,171,201,342,4,38.0,38.0,67.0,85.0,247.5,4.750899621163471,9128.18967618452,11299.702089259908,3.921043675336993,4.853823921503397,0.061855670103092786,0.07345360824742268,0.08634020618556701,0.14690721649484537,3.2234853929224907,1,-22.90642,-43.18223
Python,N,LATAM,Lima,1537,1333,89,116,59,184,72,91,112,162,4,58.0,37.5,85.0,65.5,251.5,3.7508096592109346,6494.266282672346,8284.939866331515,4.225287106488189,5.390331728257329,0.0468445022771633,0.05920624593363696,0.07286922576447626,0.10540013012361743,3.2234853929224907,1,-12.04318,-77.02824
Python,N,LATAM,Brasília,1460,1275,116,133,77,236,79,96,107,205,12,85.0,62.0,89.0,113.0,141.0,4.5608636363089055,5096.743855983059,6594.976362762005,3.490920449303465,4.517107097782195,0.05410958904109589,0.06575342465753424,0.07328767123287672,0.1404109589041096,3.2234853929224907,1,-15.77972,-47.92972
Python,N,LATAM,Curitiba,1313,1154,136,157,80,250,82,104,119,203,7,37.0,50.0,69.0,109.5,149.0,4.796442045627396,5180.644385997752,6490.678090611117,3.9456545209426896,4.943395347000089,0.062452399086062454,0.07920792079207921,0.09063214013709063,0.1546077684691546,3.2234853929224907,1,-25.42778,-49.27306
Python,N,LATAM,Santiago,1312,1160,87,114,72,178,57,66,75,153,6,39.0,46.0,88.0,133.5,94.5,6.289772727272526,5008.355835267395,6049.188227451763,3.8173443866367345,4.610661758728478,0.04344512195121951,0.05030487804878049,0.057164634146341466,0.11661585365853659,3.2234853929224907,1,-33.44889,-70.66927
Python,N,LATAM,Belo Horizonte,1274,1092,123,134,77,222,76,95,113,191,3,39.0,39.5,76.0,87.0,74.0,4.750899621163471,4293.59594369476,5443.812177576179,3.3701695005453374,4.273007988678319,0.059654631083202514,0.07456828885400314,0.08869701726844584,0.14992150706436422,3.2234853929224907,1,-19.92083,-43.93778
Python,N,LATAM,Mexico City,976,868,70,73,37,155,61,72,82,135,1,49.0,49.0,64.0,70.0,166.0,9.334799999979255,3861.44431353456,4711.4745850799045,3.956397862228033,4.827330517499902,0.0625,0.07377049180327869,0.08401639344262295,0.13831967213114754,3.2234853929224907,1,19.42847,-99.12766
Python,N,LATAM,Fortaleza,849,730,62,68,41,146,53,63,75,133,3,62.0,62.0,57.0,85.5,138.0,3.7817160984453206,3066.7863261092157,4076.5381160890115,3.6122335996574977,4.801576108467622,0.0624263839811543,0.07420494699646643,0.08833922261484099,0.15665488810365136,3.2234853929224907,1,-3.71722,-38.54306
Python,N,LATAM,Recife,804,681,51,61,27,128,50,58,61,112,1,70.5,58.0,75.0,97.5,475.0,3.643940009490981,2413.0489073994313,3141.830321632176,3.0013046111933224,3.9077491562589253,0.06218905472636816,0.07213930348258707,0.07587064676616916,0.13930348258706468,3.2234853929224907,1,-8.05389,-34.88111
Python,N,LATAM,Toronto,794,687,67,64,8,66,35,36,39,60,1,7.0,7.0,62.0,23.0,307.0,10.508267045790811,1281.7342962966534,1764.644973200938,1.6142749323635432,2.2224747773311564,0.04408060453400504,0.04534005037783375,0.0491183879093199,0.07556675062972293,3.2234853929224907,1,43.65322,-79.38318
Python,N,LATAM,Porto Alegre,787,678,71,86,47,148,52,63,70,129,4,36.0,36.0,76.0,114.0,83.5,4.5608636363089055,2994.928767103147,3866.4212153221065,3.805500339394088,4.912860502315256,0.06607369758576874,0.08005082592121983,0.08894536213468869,0.1639135959339263,3.2234853929224907,1,-30.03283,-51.23019
Python,N,LATAM,Campinas,743,652,59,65,41,127,40,51,57,107,1,46.0,30.0,52.0,102.0,33.0,5.178480587136415,2575.2740115539195,3254.0209295727454,3.4660484677710897,4.3795705647008685,0.05383580080753701,0.06864064602960969,0.07671601615074024,0.1440107671601615,3.2234853929224907,1,-22.90556,-47.06083
Python,N,LATAM,Quito,718,629,45,53,25,70,24,29,37,60,0,32.0,32.0,59.0,84.0,,5.681818182,3253.194450614528,4017.5996266688894,4.530911491106584,5.5955426555277015,0.033426183844011144,0.0403899721448468,0.05153203342618384,0.08356545961002786,3.2234853929224907,1,-0.22985,-78.52495
Python,N,LATAM,Guadalajara,702,630,39,49,20,114,51,57,62,96,1,12.5,13.0,52.0,64.5,109.0,6.644562499984442,3106.7083838406625,3665.011328602495,4.425510518291542,5.220813858408112,0.07264957264957266,0.0811965811965812,0.08831908831908832,0.13675213675213677,3.2234853929224907,1,20.67667,-103.3475
Python,N,LATAM,San José,671,562,33,40,22,71,22,25,30,59,1,62.5,41.0,86.0,151.0,283.0,5.264204545454377,3259.821912720097,3962.4928357493854,4.858154862474064,5.905354449701021,0.03278688524590164,0.037257824143070044,0.044709388971684055,0.08792846497764531,3.2234853929224907,1,9.93333,-84.08333
Python,N,LATAM,Guatemala City,614,552,45,54,25,73,26,32,36,68,4,33.0,30.5,43.0,98.0,111.0,5.408650568227973,2651.745869220198,3239.730774791201,4.318804347264166,5.27643448663062,0.04234527687296417,0.05211726384364821,0.05863192182410423,0.11074918566775244,3.2234853929224907,1,14.64072,-90.51327
Python,N,LATAM,Florianópolis,582,526,61,75,39,111,37,47,50,98,5,28.0,45.0,55.0,107.0,143.0,5.796097537963925,1904.388792822006,2488.1326418995,3.272145692134031,4.275141996390893,0.06357388316151202,0.08075601374570447,0.0859106529209622,0.16838487972508592,3.2234853929224907,1,-27.59667,-48.54917
Python,N,LATAM,Zapopan,576,523,34,40,21,86,38,41,47,78,1,24.0,21.0,32.0,74.0,58.0,7.13075,2393.4489245687187,2886.505533293033,4.1552932718206925,5.0112943286337375,0.06597222222222222,0.07118055555555555,0.08159722222222222,0.13541666666666666,3.2234853929224907,1,20.72356,-103.38479
Python,N,LATAM,Buenos Aires,3125,2696,159,197,88,382,156,180,195,316,4,27.0,29.0,73.5,80.0,124.5,2.57291666666606,10715.404008813064,12940.810912803836,3.4289292828201807,4.141059492097227,0.04992,0.0576,0.0624,0.10112,3.2234853929224907,2,-34.61315,-58.37723
Python,N,LATAM,Medellín,2971,2642,164,188,98,423,187,211,236,362,7,40.0,34.5,66.5,62.0,76.0,2.911931818181766,12037.713086328708,14752.281957358413,4.051737827778091,4.965426441386204,0.06294177044766072,0.07101985863345675,0.07943453382699428,0.12184449680242343,3.2234853929224907,2,6.25184,-75.56359
Python,N,LATAM,Santiago de Cali,1184,1063,82,88,40,171,60,77,81,147,1,39.0,39.0,63.0,101.0,276.0,2.795454545454456,4718.957648774319,5983.115918294351,3.985606122275607,5.053307363424283,0.05067567567567568,0.06503378378378379,0.06841216216216216,0.1241554054054054,3.2234853929224907,2,-3.43722,-76.5225
Python,N,LATAM,Córdoba,881,743,34,42,18,101,38,42,51,86,1,54.0,53.5,61.5,90.0,512.0,1.3541666666671,2879.4639027092157,3599.800578744284,3.268403975833389,4.0860392494259745,0.043132803632236094,0.04767309875141884,0.05788876276958002,0.09761634506242906,3.2234853929224907,2,-31.4135,-64.18105
Python,N,LATAM,Barranquilla,596,530,36,37,18,81,30,40,44,66,0,38.0,18.0,72.5,77.0,,2.795454545454456,2299.3546426632893,2841.800702182436,3.8579775883612237,4.768121983527577,0.050335570469798654,0.06711409395973154,0.0738255033557047,0.11073825503355705,3.2234853929224907,2,10.96854,-74.78132
Python,N,LATAM,Salvador,565,464,30,30,17,69,31,34,42,63,0,128.0,103.5,140.0,64.0,,3.1926045454363017,2149.8080635083943,2725.0735918684627,3.8049700239086626,4.8231391006521465,0.05486725663716814,0.06017699115044248,0.0743362831858407,0.11150442477876106,3.2234853929224907,2,-12.97563,-38.49096
Python,N,LATAM,Bucaramanga,400,350,29,37,16,60,29,35,37,56,2,147.0,35.0,122.0,32.0,50.0,2.678977272727269,1760.3567091264763,2191.155364530381,4.400891772816191,5.477888411325953,0.0725,0.0875,0.0925,0.14,3.2234853929224907,2,7.12539,-73.1198
Python,N,LATAM,Rosario,385,331,13,15,7,51,23,26,32,45,1,5.5,16.0,30.0,52.0,396.0,1.9635416666665801,1311.528945735651,1643.0877860024386,3.40656869022247,4.267760483123217,0.05974025974025974,0.06753246753246753,0.08311688311688312,0.11688311688311688,3.2234853929224907,2,-32.95113,-60.6665
Python,N,LATAM,La Plata,328,283,12,17,10,41,17,19,20,35,1,35.0,40.0,105.5,122.0,62.0,1.99062499999935,951.7451069883765,1217.9374613394357,2.9016619115499283,3.7132239674982794,0.051829268292682924,0.057926829268292686,0.06097560975609756,0.10670731707317073,3.2234853929224907,2,-34.92145,-57.95453
Python,N,LATAM,Caracas,324,272,11,5,0,16,12,12,13,15,0,155.0,184.0,,0.0,,0.13918560606505997,1605.3665199318104,2009.186451683962,4.954834938061143,6.201192752110994,0.037037037037037035,0.037037037037037035,0.040123456790123455,0.046296296296296294,3.2234853929224907,2,10.48801,-66.87919
Python,N,LATAM,João Pessoa,309,265,27,25,13,38,18,22,25,38,0,37.5,33.0,50.0,32.5,,2.3754498105817357,1059.4457337799986,1316.4551618124976,3.4286269701618077,4.26037269194983,0.05825242718446602,0.07119741100323625,0.08090614886731391,0.12297734627831715,3.2234853929224907,2,-7.115,-34.86306
Python,N,LATAM,Cartagena,286,254,15,14,5,39,11,11,16,30,1,94.0,96.5,123.0,132.0,244.0,2.2130681818181523,1107.4987516405095,1412.3106827494562,3.872373257484299,4.938149240382714,0.038461538461538464,0.038461538461538464,0.055944055944055944,0.1048951048951049,3.2234853929224907,2,10.39972,-75.51444
Python,N,LATAM,Guarulhos,266,218,10,14,4,34,11,14,19,32,0,21.0,41.5,34.0,73.5,,3.078582954563698,888.9461502752517,1210.1739827883941,3.341902820583653,4.549526251084188,0.041353383458646614,0.05263157894736842,0.07142857142857142,0.12030075187969924,3.2234853929224907,2,-23.46278,-46.53333
Python,N,LATAM,Mendoza,235,206,12,9,2,22,6,11,12,16,0,25.0,25.0,30.0,74.0,,1.3541666666671,745.7084712416741,940.126673565656,3.1732275371986134,4.0005390364496,0.02553191489361702,0.04680851063829787,0.05106382978723404,0.06808510638297872,3.2234853929224907,2,-32.89084,-68.82717
Python,N,LATAM,Arequipa,233,207,26,28,14,28,11,14,15,24,0,42.0,44.0,135.0,59.5,,2.2504857955265605,995.3927012619804,1333.7548869884172,4.272071679235967,5.724269901237842,0.04721030042918455,0.060085836909871244,0.06437768240343347,0.10300429184549356,3.2234853929224907,2,-16.39889,-71.535
Python,N,LATAM,Maceió,228,203,29,31,16,43,15,21,22,38,1,17.5,16.0,34.5,81.0,100.0,2.85053977281849,621.261137705954,828.8434132169415,2.7248295513419034,3.6352781281444804,0.06578947368421052,0.09210526315789473,0.09649122807017543,0.16666666666666666,3.2234853929224907,2,-9.66583,-35.73528
Python,N,LATAM,Belém,209,177,12,14,4,23,11,12,13,21,1,185.0,95.5,121.5,36.0,350.0,2.280431818254792,656.6319869822769,871.0810403570663,3.1417798420204637,4.167851867737159,0.05263157894736842,0.05741626794258373,0.06220095693779904,0.10047846889952153,3.2234853929224907,2,-1.45583,-48.50444
Python,N,LATAM,São Luís,197,168,12,11,6,22,7,8,8,16,1,63.0,63.0,144.5,170.5,81.0,2.280431818254792,653.1056460055145,844.9986293456676,3.3152570863224087,4.289333143886638,0.03553299492385787,0.04060913705583756,0.04060913705583756,0.08121827411167512,3.2234853929224907,2,-2.52972,-44.30278
Python,N,LATAM,Port-au-Prince,197,125,4,2,2,1,0,0,0,1,0,88.5,47.0,75.5,207.0,,0.175591856058808,1556.292842739308,1929.644504957265,7.899963668727452,9.795149771356675,0.0,0.0,0.0,0.005076142131979695,3.2234853929224907,2,18.59439,-72.30743
Python,N,LATAM,Mar del Plata,196,176,9,12,4,25,15,16,16,20,0,30.0,27.0,37.0,24.0,,1.6250000000005203,505.86567134793194,650.7636243618041,2.580947302795571,3.3202225732745108,0.07653061224489796,0.08163265306122448,0.08163265306122448,0.10204081632653061,3.2234853929224907,2,-38.00042,-57.5562
Python,N,ROW,Bengaluru,32206,23611,1302,1420,478,2994,1090,1277,1463,2587,21,22.0,21.0,76.5,95.5,82.0,3.4170454545465483,25936.447576420618,30414.975612930077,0.805329676967665,0.9443884870188809,0.033844625225113334,0.039650996708687825,0.04542631807737688,0.08032664720859467,2.278030303031032,1,12.97194,77.59369
Python,N,ROW,Hyderabad,29245,18856,903,997,288,2303,721,866,1046,2006,30,25.0,23.0,68.5,111.0,102.5,2.562784090906904,28135.28119169785,33464.71381247313,0.9620544090168525,1.144288384765708,0.02465378697213199,0.02961189946999487,0.03576679774320397,0.0685929218669858,2.278030303031032,1,17.38405,78.45636
Python,N,ROW,Delhi,19317,13258,710,772,250,1468,460,552,640,1244,19,33.0,27.0,73.5,119.0,178.0,2.562784090906904,14441.439408934964,17539.176780472986,0.7476025992097616,0.9079658736073399,0.02381322151472796,0.028575865817673553,0.03313143862918673,0.0643992338354817,2.278030303031032,1,28.65195,77.23149
Python,N,ROW,Mumbai,16466,11329,511,545,155,1347,479,578,656,1127,3,28.0,28.0,83.0,96.0,396.0,2.562784090906904,13912.899095828436,16486.352436536545,0.8449471089413602,1.0012360279689387,0.02909024656868699,0.03510263573424025,0.03983966962225191,0.06844406656139924,2.278030303031032,1,19.07283,72.88261
Python,N,ROW,New Delhi,6159,4475,259,294,92,536,184,224,256,456,5,18.0,18.5,80.5,101.5,139.0,2.9899147727327398,4367.417191433129,5335.5561939450445,0.7091114127996637,0.866302353295185,0.029874979704497484,0.03636954050982302,0.04156518915408346,0.07403799318071115,2.278030303031032,1,28.61431,77.20945
Python,N,ROW,Jaipur,5206,3779,234,271,91,443,139,155,180,360,6,14.0,16.0,66.0,128.0,129.5,2.8475378787827763,4170.339298980188,5039.167436389734,0.8010640220860906,0.967953791085235,0.02669996158278909,0.029773338455628122,0.03457548981943911,0.06915097963887822,2.278030303031032,1,26.91962,75.78781
Python,N,ROW,Bhopal,3539,2417,139,145,40,315,121,141,162,271,1,67.5,62.0,121.5,85.0,272.0,2.3577613636396437,2688.323146084383,3246.206644258384,0.7596279022561128,0.9172666414971417,0.034190449279457476,0.03984176320994631,0.04577564283695959,0.07657530375812377,2.278030303031032,1,23.25993,77.41261
Python,N,ROW,Gurugram,2675,2013,139,151,50,248,93,109,116,206,2,40.5,45.0,92.5,117.0,61.0,4.071979166664662,2178.557170355568,2694.062507972529,0.8144138954600254,1.0071261712046837,0.034766355140186916,0.04074766355140187,0.04336448598130841,0.07700934579439252,2.278030303031032,1,28.4601,77.0263
Python,N,ROW,Noida,2551,1903,111,121,54,233,86,97,112,188,1,28.0,34.0,68.0,93.0,333.0,3.4170454545465483,1913.7027148927896,2273.8094321247977,0.7501774656576988,0.8913404281163456,0.03371226969815758,0.038024304194433554,0.04390435123480988,0.07369658957271658,2.278030303031032,1,28.57,77.32
Python,N,ROW,Chandigarh,2175,1496,89,92,31,196,65,76,93,175,2,14.5,14.0,121.0,114.5,140.5,2.733636363639644,1238.5984785525802,1530.7881706311634,0.5694705648517611,0.7038106531637534,0.029885057471264367,0.03494252873563218,0.04275862068965517,0.08045977011494253,2.278030303031032,1,30.73629,76.7884
Python,N,ROW,Ho Chi Minh City,2042,1772,192,205,69,290,100,116,137,248,4,24.5,22.0,60.0,105.0,120.5,4.659090909090924,1909.146603512765,2414.073857999215,0.9349395707702082,1.182210508324787,0.04897159647404505,0.05680705190989226,0.06709108716944172,0.12144955925563174,2.278030303031032,1,10.82302,106.62965
Python,N,ROW,Surat,1866,1394,133,152,47,189,50,65,79,147,3,28.0,27.0,64.0,145.0,299.0,2.562784090906904,1411.874024439716,1731.3625359635912,0.7566313099891298,0.9278470182012815,0.02679528403001072,0.03483386923901393,0.04233654876741694,0.07877813504823152,2.278030303031032,1,21.19594,72.83023
Python,N,ROW,Yerevan,1571,1368,197,213,97,305,105,120,143,263,6,19.0,21.0,44.0,107.0,235.0,5.484375000000467,1329.8004733239793,1533.8277884386837,0.8464675196206106,0.9763385031436561,0.0668364099299809,0.07638446849140675,0.0910248249522597,0.16740929344366645,2.278030303031032,1,40.18111,44.51361
Python,N,ROW,Hanoi,1403,1196,167,181,65,175,55,64,69,152,0,29.0,30.0,90.0,120.0,,5.8238636363636545,1566.795837905067,1986.3423283341767,1.1167468552423856,1.4157821299602116,0.039201710620099785,0.045616535994297935,0.04918032786885246,0.1083392729864576,2.278030303031032,1,21.02851,105.80482
Python,N,ROW,Baku,949,801,48,53,20,95,46,48,53,77,1,26.0,31.0,57.5,42.0,102.0,2.7866335228164445,980.3223772838752,1142.0920204091183,1.0330056662633036,1.203468936152917,0.04847207586933614,0.0505795574288725,0.05584826132771338,0.08113804004214963,2.278030303031032,1,40.37767,49.89201
Python,N,ROW,Ranchi,752,552,33,37,11,58,18,20,23,48,1,14.0,13.0,96.0,124.5,596.0,3.1322916666706764,827.5300593140836,990.1386849896415,1.1004389086623452,1.3166737832309063,0.023936170212765957,0.026595744680851064,0.030585106382978722,0.06382978723404255,2.278030303031032,1,23.3441,85.3094
Python,N,ROW,Bangkok,736,628,69,79,32,87,32,36,40,79,2,15.0,15.0,72.0,125.0,317.5,7.776704545457034,949.6147092025833,1236.8373872078644,1.2902373766339448,1.680485580445468,0.043478260869565216,0.04891304347826087,0.05434782608695652,0.10733695652173914,2.278030303031032,1,13.75398,100.50144
Python,N,ROW,Tbilisi,733,632,77,80,27,108,44,51,58,92,2,15.0,13.0,127.0,71.5,69.5,7.098162878640236,1166.066087921868,1378.5967585240721,1.5908132168101883,1.8807595614243822,0.06002728512960437,0.06957708049113233,0.0791268758526603,0.12551159618008187,2.278030303031032,1,41.69411,44.83368
Python,N,ROW,Guntur,596,359,17,19,5,30,15,16,17,28,1,31.0,21.0,103.0,37.5,595.0,2.286572916664662,688.0982569861106,828.6846089947944,1.1545272768223334,1.3904104177765007,0.025167785234899327,0.026845637583892617,0.028523489932885907,0.04697986577181208,2.278030303031032,1,16.29974,80.45729
Python,N,ROW,Faridabad,572,409,28,28,7,54,21,25,28,43,1,13.0,9.5,181.0,78.5,278.0,3.4170454545465483,451.84707623294247,530.5384637980807,0.7899424409666826,0.9275147968497914,0.03671328671328671,0.043706293706293704,0.04895104895104895,0.07517482517482517,2.278030303031032,1,28.41124,77.31316
Python,N,ROW,Pune,18212,12049,497,511,153,1470,492,602,701,1317,6,31.0,30.0,78.0,98.0,86.5,2.278030303031032,11858.85991557137,14076.409863621007,0.6511563757726427,0.7729194961355703,0.027015154842960687,0.033055128486712056,0.038491104766088295,0.07231495717109598,2.278030303031032,2,18.51957,73.85535
Python,N,ROW,Chennai,14998,10065,408,470,138,1150,409,496,561,1019,5,24.0,21.0,73.0,97.0,178.0,2.278030303031032,14349.228645341394,16639.984604994563,0.9567428087305904,1.1094802376979973,0.027270302707027603,0.0330710761434858,0.03740498733164422,0.06794239231897586,2.278030303031032,2,13.08784,80.27847
Python,N,ROW,Kolkata,7655,5171,267,271,90,597,211,241,271,497,3,27.0,28.0,70.5,119.0,225.0,2.278030303031032,6689.7818603105015,8090.879227008767,0.873910105853756,1.0569404607457566,0.027563683866753754,0.03148269105160026,0.03540169823644677,0.06492488569562377,2.278030303031032,2,22.57265,88.36304
Python,N,ROW,Lahore,6716,5575,637,675,306,881,235,297,340,683,34,46.0,40.0,85.5,154.0,150.0,1.3872727272717762,5605.643436509013,7216.079482225191,0.8346699577887154,1.0744609115880273,0.034991066110780226,0.04422275163787969,0.05062537224538416,0.101697438951757,2.278030303031032,2,31.54972,74.34361
Python,N,ROW,Karachi,6365,5060,354,359,133,639,195,220,251,490,4,82.0,70.0,132.0,153.0,273.5,0.8257575757560961,5762.278904751137,7262.213539809183,0.9053069763945227,1.1409604932928803,0.030636292223095052,0.03456402199528672,0.0394344069128044,0.0769835035349568,2.278030303031032,2,24.8608,67.0104
Python,N,ROW,Lucknow,6037,3869,185,199,56,443,140,166,188,371,3,18.0,20.0,76.0,126.0,225.0,2.278030303031032,5236.034005335271,6433.43657878914,0.8673238372263162,1.0656678116264933,0.023190326321020374,0.02749710120920987,0.031141295345370218,0.06145436475070399,2.278030303031032,2,26.83928,80.92313
Python,N,ROW,Ahmedabad,5033,3558,249,257,82,406,139,161,183,342,2,48.0,41.0,61.5,111.0,238.5,2.278030303031032,4441.605491034776,5371.3193883592985,0.8824966205115787,1.0672202241921913,0.0276177230280151,0.031988873435326845,0.03636002384263858,0.06795151996820982,2.278030303031032,2,23.02579,72.58727
Python,N,ROW,Islamabad,4269,3509,258,271,107,479,144,169,198,389,9,93.0,91.0,125.0,144.0,222.0,0.9909090909094082,3684.4945264593644,4649.568648785724,0.8630814069944635,1.0891470247799775,0.03373155305692199,0.03958772546263762,0.046380885453267746,0.09112204263293511,2.278030303031032,2,33.68442,73.0479
Python,N,ROW,Dhaka,4138,3151,196,196,77,371,149,174,189,312,3,34.0,37.0,95.0,78.0,352.0,1.2852272727231602,3211.425483394013,4207.936037782884,0.7760815571276011,1.0169009274487395,0.03600773320444659,0.04204929917834703,0.04567423876268729,0.07539874335427743,2.278030303031032,2,23.81033,90.41252
Python,N,ROW,Kochi,3937,2640,91,99,24,296,106,119,140,250,0,20.0,18.0,38.0,109.0,,1.7378523674224202,3416.5267946021777,3983.629130545396,0.867799541428036,1.0118438228461764,0.026924053848107695,0.030226060452120906,0.03556007112014224,0.063500127000254,2.278030303031032,2,9.93123,76.2673
Python,N,ROW,Patna,3806,2423,118,119,36,246,96,104,115,204,1,29.5,40.0,78.0,101.0,272.0,2.278030303031032,3573.441600113806,4372.255427360741,0.9388968996620615,1.1487796708777565,0.025223331581713086,0.027325275880189175,0.0302154492905938,0.053599579611140306,2.278030303031032,2,25.59408,85.13756
Python,N,ROW,Kathmandu,2888,2290,194,182,63,321,121,135,153,263,2,84.5,81.0,135.0,104.0,153.0,1.419128787879242,2053.707071388821,2646.2216109419837,0.711117406990589,0.916281721240299,0.04189750692520776,0.046745152354570635,0.052977839335180056,0.09106648199445984,2.278030303031032,2,27.70169,85.3206
Python,N,ROW,Nagpur,2689,1752,74,73,18,222,86,105,111,201,1,64.5,50.0,75.5,93.0,269.0,2.05501967898274,1876.728964196333,2243.574984184116,0.6979282127914961,0.8343529134191581,0.03198214949795463,0.03904797322424693,0.04127928597991819,0.07474897731498699,2.278030303031032,2,21.14631,79.08491
Python,N,ROW,Indore,2684,1775,114,118,33,226,56,72,86,178,1,29.0,30.5,99.0,141.0,99.0,2.078702651515516,2150.118755428515,2604.452164027011,0.8010874647647225,0.9703622071635659,0.020864381520119227,0.026825633383010434,0.03204172876304024,0.06631892697466468,2.278030303031032,2,22.71792,75.8333
Python,N,ROW,Jakarta,2609,2228,150,149,49,278,121,135,154,235,4,18.0,18.0,49.0,66.0,360.0,2.0,1743.7025137756802,2194.0818765447075,0.6683413237929016,0.8409666065713712,0.046377922575699504,0.05174396320429283,0.05902644691452664,0.09007282483710234,2.278030303031032,2,-6.21462,106.84513
Python,N,ROW,Coimbatore,2567,1792,85,93,36,204,59,72,92,174,1,25.0,25.0,65.0,121.5,50.0,2.278030303031032,2160.6594995273213,2551.3632366945344,0.8417060769487033,0.9939085456542791,0.022984028048305415,0.028048305414881184,0.03583950136345929,0.06778340475262953,2.278030303031032,2,11.00555,76.96612
Python,N,ROW,Rawalpindi,2258,1786,130,135,61,233,67,74,88,169,5,39.5,43.0,110.0,180.0,173.0,0.8257575757560961,2425.6979279205793,2987.0963002546096,1.0742683471747472,1.3228947299621832,0.02967227635075288,0.03277236492471213,0.03897254207263064,0.07484499557130203,2.278030303031032,2,33.59446,73.05661
Python,N,ROW,Bhubaneswar,1860,1164,55,54,16,130,44,50,63,118,0,22.0,21.5,46.0,102.0,,1.755454545453685,1112.8120734875054,1353.4023362712985,0.5982860610147879,0.7276356646619885,0.023655913978494623,0.026881720430107527,0.03387096774193549,0.06344086021505377,2.278030303031032,2,20.27241,85.83385
Python,N,ROW,Visakhapatnam,1471,945,46,46,13,97,32,42,50,76,2,27.0,25.0,69.0,76.0,403.0,2.164128787875872,1721.7621174548412,2078.5851084223364,1.1704705081270166,1.4130422219050554,0.021753908905506457,0.028552005438477225,0.03399048266485384,0.05166553365057784,2.278030303031032,2,17.73,83.3
Python,N,ROW,Vijayawada,1462,902,41,44,15,102,41,48,51,88,2,28.5,23.0,70.0,88.5,82.5,2.278030303031032,1914.3253624818212,2311.96151389511,1.309388072832983,1.5813690245520586,0.0280437756497948,0.03283173734610123,0.03488372093023256,0.060191518467852256,2.278030303031032,2,16.51,80.43
React,N,LATAM,São Paulo,4890,4348,346,354,193,509,141,175,203,423,5,39.5,34.0,74.0,141.0,97.0,3.8007196968906416,17170.285939161433,22615.741823366337,3.511305918028923,4.624896078398024,0.02883435582822086,0.03578732106339468,0.04151329243353783,0.08650306748466258,2.4460227272726494,1,-23.5475,-46.63611
React,N,LATAM,Medellín,2395,2192,150,147,78,217,71,86,101,186,3,32.0,30.0,52.5,110.0,63.0,2.446022727272772,8906.960660924933,11630.981974892375,3.718981486816256,4.8563599060093425,0.02964509394572025,0.03590814196242171,0.042171189979123176,0.07766179540709812,2.4460227272726494,1,6.25184,-75.56359
React,N,LATAM,Rio de Janeiro,2137,1873,149,160,85,243,69,85,104,200,4,46.0,41.0,67.0,126.0,155.0,2.955059564418264,7621.226745120334,9883.825753365027,3.566320423547185,4.625093941677598,0.03228825456247075,0.0397753860552176,0.04866635470285447,0.09358914365933552,2.4460227272726494,1,-22.90642,-43.18223
React,N,LATAM,Brasília,1393,1242,104,112,64,136,29,41,47,115,5,62.0,56.5,72.0,166.5,76.0,2.85053977281849,4718.818204891068,6252.193579876314,3.3875220422764305,4.488294027190462,0.0208183776022972,0.029432878679109833,0.03374012921751615,0.08255563531945441,2.4460227272726494,1,-15.77972,-47.92972
React,N,LATAM,Lima,1280,1143,69,69,35,101,28,39,46,86,1,66.0,65.0,129.0,111.0,420.0,3.0006477273687477,6107.200420849459,7902.759244799667,4.77125032878864,6.174030659999739,0.021875,0.03046875,0.0359375,0.0671875,2.4460227272726494,1,-12.04318,-77.02824
React,N,LATAM,Belo Horizonte,1200,1073,119,118,64,149,37,54,66,128,3,49.0,49.0,73.5,130.0,86.0,3.8007196968906416,4276.645354815968,5482.338585140752,3.5638711290133065,4.5686154876172935,0.030833333333333334,0.045,0.055,0.10666666666666667,2.4460227272726494,1,-19.92083,-43.93778
React,N,LATAM,Curitiba,1135,1030,120,121,66,157,45,63,74,136,7,24.5,29.0,53.5,110.0,149.0,4.5608636363089055,3982.277459997834,5340.453154748703,3.5086145022007345,4.7052450702631745,0.039647577092511016,0.055506607929515416,0.06519823788546256,0.1198237885462555,2.4460227272726494,1,-25.42778,-49.27306
React,N,LATAM,Santiago,980,867,71,78,52,107,28,32,39,91,3,18.5,21.0,83.5,160.0,132.0,5.031818181818684,3104.2578879699495,4260.96296813818,3.1676100897652546,4.347921396059368,0.02857142857142857,0.0326530612244898,0.03979591836734694,0.09285714285714286,2.4460227272726494,1,-33.44889,-70.66927
React,N,LATAM,Fortaleza,929,819,58,62,37,81,26,30,36,69,3,107.0,80.0,116.0,121.0,138.0,3.078582954563698,3029.3749223988934,4064.1142345584362,3.2608987323992396,4.374719305229748,0.02798708288482239,0.03229278794402583,0.038751345532831,0.07427341227125941,2.4460227272726494,1,-3.71722,-38.54306
React,N,LATAM,Porto Alegre,777,691,73,70,43,88,25,29,34,77,2,71.0,47.5,76.0,132.0,185.5,3.4206477271815094,2842.516784156169,3763.9014114831884,3.6583227595317487,4.844145960724824,0.032175032175032175,0.03732303732303732,0.043758043758043756,0.0990990990990991,2.4460227272726494,1,-30.03283,-51.23019
React,N,LATAM,Recife,776,689,44,45,22,75,28,33,34,64,2,40.0,34.0,27.0,110.0,219.5,2.85053977281849,2321.330525880654,3084.4187899387516,2.991405316856513,3.9747664818798345,0.03608247422680412,0.04252577319587629,0.04381443298969072,0.08247422680412371,2.4460227272726494,1,-8.05389,-34.88111
React,N,LATAM,Mexico City,607,548,49,49,28,71,20,26,31,59,1,47.0,49.0,69.0,118.0,166.0,8.10312499997407,2330.1259692071935,3200.7341521206918,3.8387577746411754,5.273038141879229,0.032948929159802305,0.042833607907743,0.051070840197693576,0.09719934102141681,2.4460227272726494,1,19.42847,-99.12766
React,N,LATAM,Toronto,598,526,53,48,10,35,17,17,20,30,1,11.5,11.5,80.5,64.0,357.0,10.147921590872604,864.841652135894,1369.894006135201,1.4462234985550066,2.2907926524000017,0.028428093645484948,0.028428093645484948,0.033444816053511704,0.05016722408026756,2.4460227272726494,1,43.65322,-79.38318
React,N,LATAM,Guadalajara,547,510,51,53,29,65,16,21,24,55,0,29.0,18.0,51.0,151.0,,6.482499999979256,1746.8153206629054,2314.2773806640066,3.193446655690869,4.230854443627069,0.029250457038391225,0.038391224862888484,0.043875685557586835,0.10054844606946983,2.4460227272726494,1,20.67667,-103.3475
React,N,LATAM,Florianópolis,531,483,60,57,36,77,16,23,27,70,4,34.0,21.0,109.0,139.0,183.0,4.10477727281849,1742.4784225468081,2315.857218489493,3.281503620615458,4.36131302917042,0.030131826741996232,0.04331450094161959,0.05084745762711865,0.1318267419962335,2.4460227272726494,1,-27.59667,-48.54917
React,N,LATAM,Campinas,526,469,43,46,21,66,17,22,24,49,1,49.0,45.5,39.0,186.5,202.0,3.4206477271815094,2047.7466547848117,2693.1062175347347,3.8930544767772086,5.119973797594553,0.03231939163498099,0.04182509505703422,0.045627376425855515,0.09315589353612168,2.4460227272726494,1,-22.90556,-47.06083
React,N,LATAM,Quito,523,465,39,42,19,58,20,23,27,54,1,28.5,28.5,118.0,105.0,105.0,4.734848485,1813.8855803356878,2525.2709551115763,3.4682324671810476,4.8284339485881,0.03824091778202677,0.04397705544933078,0.05162523900573614,0.10325047801147227,2.4460227272726494,1,-0.22985,-78.52495
React,N,LATAM,San José,507,447,33,35,19,41,10,11,14,36,0,68.0,64.0,140.0,160.0,,5.264204545454377,2166.3646515507553,2890.095788420858,4.272908582940346,5.700386170455341,0.01972386587771203,0.021696252465483234,0.027613412228796843,0.07100591715976332,2.4460227272726494,1,9.93333,-84.08333
React,N,LATAM,Montevideo,500,445,38,42,22,45,8,13,15,37,0,55.5,38.0,89.0,196.0,,4.625919697041889,1850.3830834427624,2379.9103869057803,3.7007661668855247,4.759820773811561,0.016,0.026,0.03,0.074,2.4460227272726494,1,-34.90111,-56.16444
React,N,LATAM,Guatemala City,472,431,46,42,24,49,11,16,17,45,5,41.0,31.0,61.0,136.0,104.0,4.507208806772028,1908.4647222102628,2481.1289189153044,4.043357462309879,5.256629065498526,0.023305084745762712,0.03389830508474576,0.036016949152542374,0.09533898305084745,2.4460227272726494,1,14.64072,-90.51327
React,N,LATAM,Bogotá,3682,3315,246,243,126,364,109,135,161,303,4,53.0,43.0,81.0,129.0,209.5,2.2130681818181523,13682.370628237923,19143.324744950638,3.716015922932624,5.199164786787246,0.029603476371537207,0.03666485605649104,0.043726235741444866,0.08229223248234654,2.4460227272726494,2,4.60971,-74.08175
React,N,LATAM,Buenos Aires,3118,2767,153,150,67,191,45,54,65,155,3,37.0,37.0,74.0,161.0,75.0,1.6250000000005203,9869.335146495863,12079.982069144007,3.16527746840791,3.8742726328236072,0.014432328415651058,0.01731879409878127,0.02084669660038486,0.04971135343168698,2.4460227272726494,2,-34.61315,-58.37723
React,N,LATAM,Córdoba,1040,911,39,37,13,55,17,19,26,51,1,80.0,59.0,58.0,92.0,512.0,1.1374999999992201,3245.4256616023463,3937.0452340044976,3.120601597694564,3.785620417312017,0.016346153846153847,0.01826923076923077,0.025,0.04903846153846154,2.4460227272726494,2,-31.4135,-64.18105
React,N,LATAM,Santiago de Cali,971,877,62,62,32,81,25,37,39,68,1,39.0,45.0,56.5,99.0,276.0,1.95681818181807,3427.32567826447,4633.21033833757,3.5296865893557876,4.771586342263203,0.025746652935118436,0.03810504634397528,0.04016477857878476,0.07003089598352215,2.4460227272726494,2,-3.43722,-76.5225
React,N,LATAM,Salvador,619,545,34,34,16,43,10,10,17,36,0,53.5,53.5,46.5,182.0,,2.280431818254792,2250.9122251961962,2845.604514321409,3.636368699832304,4.5970993769328095,0.01615508885298869,0.01615508885298869,0.027463651050080775,0.05815831987075929,2.4460227272726494,2,-12.97563,-38.49096
React,N,LATAM,Barranquilla,524,467,41,37,15,45,13,18,22,37,1,24.0,27.0,68.0,126.0,116.0,2.166477272727228,1719.719795082793,2267.651162618779,3.281908005883193,4.32757855461599,0.02480916030534351,0.03435114503816794,0.04198473282442748,0.07061068702290077,2.4460227272726494,2,10.96854,-74.78132
React,N,LATAM,Rosario,476,418,16,17,8,33,12,14,17,26,1,16.0,20.0,33.5,81.0,396.0,1.46250000000104,1544.9118847675281,1894.7186503953835,3.2456132032931264,3.9805013663768563,0.025210084033613446,0.029411764705882353,0.03571428571428571,0.0546218487394958,2.4460227272726494,2,-32.95113,-60.6665
React,N,LATAM,La Plata,385,342,15,16,8,15,4,5,5,11,1,40.0,36.5,47.0,245.0,62.0,1.2999999999987,1084.130875945081,1359.608303861321,2.8159243531041067,3.531450139899535,0.01038961038961039,0.012987012987012988,0.012987012987012988,0.02857142857142857,2.4460227272726494,2,-34.92145,-57.95453
React,N,LATAM,Manaus,371,313,13,13,9,25,8,8,8,19,1,142.0,140.0,169.0,178.0,323.0,2.280431818254792,1373.7784524733006,1922.396734470689,3.7029068799819425,5.181662357063852,0.0215633423180593,0.0215633423180593,0.0215633423180593,0.05121293800539083,2.4460227272726494,2,-3.10194,-60.025
React,N,LATAM,San Miguel de Tucumán,357,310,9,9,7,14,4,4,5,11,0,27.5,28.0,40.0,154.0,,1.01562499999961,1106.6031671232247,1283.5508199917292,3.0997287594488085,3.5953804481561042,0.011204481792717087,0.011204481792717087,0.014005602240896359,0.03081232492997199,2.4460227272726494,2,-26.82,-65.21
React,N,LATAM,Mar del Plata,337,301,12,12,5,12,3,4,4,7,1,45.0,45.0,45.0,227.5,60.0,1.2999999999987,1045.604576642072,1205.0129465970526,3.1026842036856737,3.575706072988287,0.008902077151335312,0.011869436201780416,0.011869436201780416,0.020771513353115726,2.4460227272726494,2,-38.00042,-57.5562
React,N,LATAM,Cartagena,326,286,21,20,6,26,9,10,12,18,0,61.0,53.5,81.0,191.0,,1.910227272727269,1107.6486237179345,1456.854110784752,3.39769516477894,4.468877640444025,0.027607361963190184,0.03067484662576687,0.03680981595092025,0.05521472392638037,2.4460227272726494,2,10.39972,-75.51444
React,N,LATAM,Mendoza,302,276,6,6,2,8,0,2,3,5,0,247.0,134.5,146.5,231.5,,1.1510416666663201,995.4180383610437,1193.6637967893832,3.296086219738555,3.9525291284416664,0.0,0.006622516556291391,0.009933774834437087,0.016556291390728478,2.4460227272726494,2,-32.89084,-68.82717
React,N,LATAM,Bucaramanga,288,270,15,15,4,29,11,15,15,26,2,35.0,35.0,24.5,56.0,50.0,1.95681818181807,1176.8996393731534,1596.3096126495986,4.086457081156783,5.542741710588884,0.03819444444444445,0.052083333333333336,0.052083333333333336,0.09027777777777778,2.4460227272726494,2,7.12539,-73.1198
React,N,LATAM,Caracas,278,236,12,1,0,4,2,2,2,3,0,107.0,243.0,,145.0,,0.116915909082892,1416.9647956032109,1827.4645920688536,5.096995667637449,6.573613640535444,0.007194244604316547,0.007194244604316547,0.007194244604316547,0.01079136690647482,2.4460227272726494,2,10.48801,-66.87919
React,N,LATAM,João Pessoa,262,229,20,19,10,14,6,8,8,14,1,92.0,42.0,134.0,32.5,66.0,2.280431818254792,740.4166413872745,1011.0803245213126,2.826017715218605,3.859085208096613,0.022900763358778626,0.030534351145038167,0.030534351145038167,0.05343511450381679,2.4460227272726494,2,-7.115,-34.86306
React,N,LATAM,Port-au-Prince,235,150,5,4,4,3,1,1,1,1,0,45.5,4.0,60.5,488.0,,0.105355113639735,2424.525795386704,2822.4170444062065,10.31713104419874,12.01028529534556,0.00425531914893617,0.00425531914893617,0.00425531914893617,0.00425531914893617,2.4460227272726494,2,18.59439,-72.30743
React,N,LATAM,Managua,232,193,21,19,11,23,4,9,9,18,0,67.0,67.0,131.0,120.0,,1.316051136363131,974.285765904787,1277.9412039122394,4.199507611658564,5.508367258242411,0.017241379310344827,0.03879310344827586,0.03879310344827586,0.07758620689655173,2.4460227272726494,2,12.13282,-86.2504
React,N,LATAM,Kingston,228,168,10,7,5,11,2,2,3,7,0,46.0,46.0,71.0,294.0,,2.200909090908504,1516.1106922042825,1861.28108431846,6.6496082991415895,8.163513527712544,0.008771929824561403,0.008771929824561403,0.013157894736842105,0.03070175438596491,2.4460227272726494,2,18.05,-76.79
React,N,LATAM,Belém,227,205,8,11,2,16,5,8,8,14,0,205.0,115.0,51.5,72.0,,2.280431818254792,912.337108256385,1141.0482940313627,4.019106203772621,5.026644467098515,0.022026431718061675,0.03524229074889868,0.03524229074889868,0.06167400881057269,2.4460227272726494,2,-1.45583,-48.50444
React,N,ROW,Bengaluru,19719,14971,1059,992,323,1115,287,370,442,931,7,21.0,21.0,68.0,133.0,156.0,2.8475378787827763,13952.007205144624,18268.638925499803,0.7075413157434264,0.9264485483797253,0.01455449059282925,0.018763628987271158,0.022414929763172574,0.047213347532836354,1.9932765151491463,1,12.97194,77.59369
React,N,ROW,Hyderabad,16978,11627,688,619,203,826,197,259,330,688,11,24.5,25.0,70.0,133.0,149.0,2.278030303031032,15077.919981853047,20268.78565644901,0.8880857569709651,1.1938264610937102,0.011603251266344681,0.015255035928849098,0.01943691836494287,0.040523029803274824,1.9932765151491463,1,17.38405,78.45636
React,N,ROW,Delhi,16167,11661,725,683,197,647,156,196,243,513,7,43.0,40.0,60.0,153.0,127.0,2.278030303031032,11443.3519071863,14497.558344697809,0.707821606184592,0.8967376968329195,0.009649285581740583,0.012123461371930476,0.0150306179254036,0.031731304509185376,1.9932765151491463,1,28.65195,77.23149
React,N,ROW,Pune,11643,8085,403,357,92,468,114,145,181,392,2,28.0,27.0,64.5,139.0,111.5,1.9932765151551601,7692.728672218923,9816.024474616308,0.6607170550733422,0.8430837820678784,0.00979129090440608,0.012453834922270892,0.015545821523662287,0.03366829854848407,1.9932765151491463,1,18.51957,73.85535
React,N,ROW,Mumbai,10091,7422,463,419,120,485,124,150,183,375,2,35.0,32.0,87.5,166.0,424.0,2.278030303031032,8157.435625064122,10628.149887237545,0.8083872386348352,1.0532305903515553,0.01228817758398573,0.014864730948369834,0.018134971757011197,0.037161827370924584,1.9932765151491463,1,19.07283,72.88261
React,N,ROW,Chennai,9347,6698,315,304,97,372,101,124,151,312,4,31.0,29.5,68.0,131.5,116.0,2.05022727273274,8059.136125075209,10274.173769387284,0.862216339475255,1.099194797195601,0.01080560607681609,0.013266288648764309,0.016154916015833957,0.03337969401947149,1.9932765151491463,1,13.08784,80.27847
React,N,ROW,Kolkata,5593,4005,248,233,67,255,69,76,91,199,2,48.0,42.0,87.0,156.0,116.0,1.9932765151551601,4413.063438042003,5799.457090114885,0.7890333341752196,1.0369134793697274,0.01233684963347041,0.013588414089039871,0.016270337922403004,0.03558018952261756,1.9932765151491463,1,22.57265,88.36304
React,N,ROW,New Delhi,4825,3729,259,250,69,250,73,89,100,202,2,40.0,41.0,88.0,154.5,337.0,2.562784090906904,3012.6968212011275,3940.8829256432164,0.6243931235650005,0.8167633006514438,0.015129533678756477,0.01844559585492228,0.02072538860103627,0.04186528497409327,1.9932765151491463,1,28.61431,77.20945
React,N,ROW,Ahmedabad,4515,3563,299,281,113,209,41,53,60,161,2,47.0,41.0,96.0,192.0,302.0,2.562784090906904,3695.2288283202242,4617.2050048140745,0.8184338490188758,1.0226367674006809,0.009080841638981174,0.011738648947951274,0.013289036544850499,0.03565891472868217,1.9932765151491463,1,23.02579,72.58727
React,N,ROW,Jaipur,4476,3418,242,235,77,196,53,61,67,150,4,37.5,37.0,83.0,159.5,132.5,2.391931818186192,3595.256130854482,4477.077731225957,0.803229698582324,1.000240779987926,0.011840929401251117,0.013628239499553172,0.014968722073279714,0.03351206434316354,1.9932765151491463,1,26.91962,75.78781
React,N,ROW,Patna,3499,2379,131,111,36,100,27,30,31,79,0,43.0,43.0,98.0,156.0,,1.9932765151551601,2990.534582100701,3785.1398596029794,0.8546826470707919,1.0817776106324606,0.007716490425835953,0.008573878250928837,0.008859674192626465,0.022577879394112602,1.9932765151491463,1,25.59408,85.13756
React,N,ROW,Bhopal,3106,2246,156,140,41,147,49,54,64,119,2,65.0,47.0,81.0,123.0,248.0,2.05022727273274,1987.8920240057741,2516.1505139119577,0.6400167495189227,0.8100935331332768,0.015775917578879587,0.017385705086928525,0.0206052801030264,0.03831294269156471,1.9932765151491463,1,23.25993,77.41261
React,N,ROW,Surat,2124,1758,182,176,71,134,22,31,38,96,2,35.0,35.5,71.0,205.5,398.0,2.8475378787827763,1775.9775866311466,2082.419315999679,0.8361476396568487,0.9804234067795099,0.010357815442561206,0.014595103578154425,0.017890772128060263,0.04519774011299435,1.9932765151491463,1,21.19594,72.83023
React,N,ROW,Chandigarh,2121,1612,100,88,28,87,23,31,39,69,2,26.0,23.5,96.0,128.0,176.5,2.391931818186192,1207.124778527522,1501.3410303689866,0.5691300228795484,0.7078458417581266,0.010843941537010843,0.014615747289014616,0.018387553041018388,0.03253182461103253,1.9932765151491463,1,30.73629,76.7884
React,N,ROW,Ho Chi Minh City,2115,1891,235,227,75,149,25,32,38,103,1,21.0,21.0,75.0,247.0,72.0,3.8825757575757702,2171.3808953106895,2757.448049662787,1.026657633716638,1.3037579431029727,0.01182033096926714,0.015130023640661938,0.017966903073286054,0.048699763593380616,1.9932765151491463,1,10.82302,106.62965
React,N,ROW,Noida,2081,1605,108,102,35,108,30,37,42,87,1,33.0,33.0,42.0,136.5,73.0,2.8475378787827763,1406.734252981473,1767.8232345004096,0.675989549726801,0.8495065999521431,0.014416146083613647,0.0177799135031235,0.020182604517059107,0.041806823642479576,1.9932765151491463,1,28.57,77.32
React,N,ROW,Gurugram,1973,1610,137,131,41,118,29,37,44,93,3,36.0,45.0,87.0,162.0,76.0,3.573121853218968,1672.688514252598,2197.778858022304,0.8477894142182453,1.1139274495804887,0.01469842878864673,0.01875316776482514,0.022301064368981247,0.047136340598074,1.9932765151491463,1,28.4601,77.0263
React,N,ROW,Yerevan,1851,1667,217,201,102,217,36,56,69,160,2,17.0,18.0,46.5,220.0,260.5,4.265625000000078,1512.8240931118119,1729.914294795892,0.8173009687259923,0.9345836276585046,0.019448946515397084,0.030253916801728797,0.03727714748784441,0.0864397622906537,1.9932765151491463,1,40.18111,44.51361
React,N,ROW,Coimbatore,1736,1286,64,59,25,84,22,27,33,68,0,8.5,9.0,38.0,143.0,,1.9932765151551601,1405.9686544625672,1779.9000618949701,0.8098897779162253,1.0252880540869644,0.012672811059907835,0.01555299539170507,0.019009216589861752,0.03917050691244239,1.9932765151491463,1,11.00555,76.96612
React,N,ROW,Hanoi,1378,1224,174,172,63,104,19,26,31,74,1,31.0,27.0,100.0,212.5,505.0,4.659090909090924,1926.5645118775935,2365.362550082397,1.3980874541927384,1.7165185414240907,0.013788098693759071,0.018867924528301886,0.022496371552975326,0.05370101596516691,1.9932765151491463,1,21.02851,105.80482
React,N,ROW,Lahore,8034,6924,796,758,355,584,102,140,171,415,25,86.0,68.5,109.0,207.5,270.0,1.1890909090905921,7034.168609823511,8607.822098224993,0.8755499887756424,1.0714242093882242,0.012696041822255415,0.017425939756036842,0.02128454070201643,0.0516554642768235,1.9932765151491463,2,31.54972,74.34361
React,N,ROW,Karachi,6018,4902,379,354,154,312,54,65,82,210,1,71.0,64.0,112.5,243.0,174.0,0.792727272728224,5758.614882960978,7167.04015213459,0.9568984518047489,1.1909338903513775,0.00897308075772682,0.010800930541708208,0.013625789298770355,0.03489531405782652,1.9932765151491463,2,24.8608,67.0104
React,N,ROW,Lucknow,5332,3649,193,175,49,196,43,58,71,158,2,47.5,42.0,74.0,159.5,236.5,1.7085227272672603,4036.94328183136,5233.745468211875,0.7571161443794748,0.9815726684568408,0.008064516129032258,0.010877719429857465,0.01331582895723931,0.029632408102025505,1.9932765151491463,2,26.83928,80.92313
React,N,ROW,Dhaka,4383,3440,221,202,85,221,62,76,85,168,2,42.5,39.5,95.0,158.0,185.5,1.028181818178528,3996.099005804523,4951.445843022907,0.9117269007083101,1.129693324896853,0.014145562400182523,0.017339721651836643,0.019393109742185718,0.038329911019849415,1.9932765151491463,2,23.81033,90.41252
React,N,ROW,Islamabad,3581,3019,257,243,83,251,58,78,86,190,3,105.5,99.0,121.0,195.0,222.0,0.8257575757560961,3201.5077293573863,4137.042326946979,0.894026174073551,1.1552757126352917,0.0161965931304105,0.021781625244345154,0.024015638089919016,0.05305780508237922,1.9932765151491463,2,33.68442,73.0479
React,N,ROW,Indore,2753,1963,133,118,43,114,19,28,37,87,3,38.0,38.0,99.0,142.5,99.0,1.913545454546548,1921.075482233372,2371.1902320751483,0.697811653553713,0.8613113810661636,0.006901561932437341,0.010170722847802398,0.013439883763167454,0.03160188884852888,1.9932765151491463,2,22.71792,75.8333
React,N,ROW,Kathmandu,2704,2205,202,176,63,169,56,66,77,137,2,112.0,99.0,113.0,114.0,153.0,1.064346590905685,1924.977096974931,2499.6602343485974,0.7118998139700189,0.9244305600401618,0.020710059171597635,0.02440828402366864,0.028476331360946745,0.05066568047337278,1.9932765151491463,2,27.70169,85.3206
React,N,ROW,Jakarta,2311,2063,181,165,54,136,34,39,50,100,1,27.0,27.0,66.0,165.5,97.0,1.818181818181824,1596.1464902158589,2130.904313240228,0.690673513723868,0.9220702350671692,0.014712245781047165,0.016875811337083515,0.021635655560363478,0.043271311120726956,1.9932765151491463,2,-6.21462,106.84513
React,N,ROW,Kochi,2268,1731,103,94,24,104,29,37,44,88,0,29.0,25.0,38.0,128.5,,1.8224242424224202,1780.6239109886353,2314.819693611073,0.785107544527617,1.020643603884953,0.012786596119929453,0.016313932980599646,0.019400352733686066,0.03880070546737213,1.9932765151491463,2,9.93123,76.2673
React,N,ROW,Rawalpindi,2209,1794,156,142,59,137,27,33,43,87,5,87.0,84.0,166.0,258.0,173.0,0.743181818181184,2427.886365058611,3056.2705581818564,1.099088440497334,1.383553896868201,0.012222725215029425,0.014938886373924853,0.019465821638750568,0.039384336803983705,1.9932765151491463,2,33.59446,73.05661
React,N,ROW,Nagpur,1938,1342,62,55,16,77,22,25,28,69,1,55.0,55.0,70.5,181.0,174.0,1.8224242424224202,1108.021831167684,1477.5777650419025,0.571734691004997,0.7624240273694027,0.011351909184726523,0.012899896800825593,0.014447884416924664,0.03560371517027864,1.9932765151491463,2,21.14631,79.08491
React,N,ROW,Faisalabad,1460,1211,102,92,37,66,10,17,18,45,4,74.0,71.5,158.0,246.5,394.0,0.792727272728224,1605.9953457271185,1878.621158897607,1.099996812141862,1.2867268211627445,0.00684931506849315,0.011643835616438357,0.012328767123287671,0.030821917808219176,1.9932765151491463,2,31.41803,73.07981
React,N,ROW,Bhubaneswar,1453,960,62,55,12,55,17,24,27,48,0,40.0,30.0,82.5,107.0,,1.366818181813808,824.200405140891,1065.8322448049294,0.5672404715353689,0.7335390535477835,0.01169993117687543,0.016517549896765314,0.018582243633860976,0.03303509979353063,1.9932765151491463,2,20.27241,85.83385
React,N,ROW,Ludhiana,1127,788,50,43,10,40,6,8,9,23,0,66.0,66.0,81.5,283.5,,1.7085227272672603,839.0191221528938,1068.1676149234993,0.7444712707656556,0.9477973513074528,0.005323868677905945,0.00709849157054126,0.007985803016858917,0.02040816326530612,1.9932765151491463,2,30.9,75.85
React,N,ROW,Baku,1094,963,76,65,30,74,22,30,35,58,1,24.0,27.0,30.0,113.5,102.0,1.950643465677243,871.7219550603061,1049.2610001509252,0.796820799872309,0.9591051189679389,0.02010968921389397,0.027422303473491772,0.031992687385740404,0.05301645338208409,1.9932765151491463,2,40.37767,49.89201
React,N,ROW,Colombo,1021,819,31,27,8,32,11,13,14,26,0,89.5,88.0,149.5,152.5,,1.0580625000000001,1476.3765634683762,2047.1384951494097,1.4460103461982137,2.0050328062188147,0.010773751224289911,0.012732615083251714,0.013712047012732615,0.025465230166503428,1.9932765151491463,2,6.92708,79.86124
React,N,ROW,Tashkent,900,774,51,48,19,30,5,5,8,16,1,20.0,31.0,92.0,359.5,231.0,0.776515151515154,1449.8044486098693,1676.259180695002,1.6108938317887436,1.8625102007722245,0.005555555555555556,0.005555555555555556,0.008888888888888889,0.017777777777777778,1.9932765151491463,2,41.3117,69.27951
React,N,ROW,Bandung,763,678,52,50,14,37,6,9,11,22,0,126.0,114.5,90.5,254.0,,1.454545454545472,444.0926129678103,575.288273466696,0.5820348793811406,0.7539820097859711,0.007863695937090432,0.011795543905635648,0.014416775884665793,0.028833551769331587,1.9932765151491463,2,-6.93487,107.60495
React,N,ROW,Multan,665,523,35,31,13,38,7,9,11,28,1,189.0,189.0,247.0,213.0,507.0,0.59454545454704,914.4595055171638,1124.5244170760168,1.37512707596566,1.6910141610165665,0.010526315789473684,0.013533834586466165,0.016541353383458645,0.042105263157894736,1.9932765151491463,2,30.19556,71.47528
React,N,ROW,Guwahati,652,473,29,29,8,25,8,8,10,19,0,77.5,34.0,114.5,198.0,,1.7085227272672603,536.3292779666057,640.9297671929523,0.8225909171266959,0.9830211153266141,0.012269938650306749,0.012269938650306749,0.015337423312883436,0.029141104294478526,1.9932765151491463,2,26.19,91.78
