,must_have_skill_ids,n_devs_must_have_mcq,elite_devs_must_have_mcq
0,"1013,114,20,55",22.0,22.0
1,"1013,114,2031,433",1.0,1.0
2,"1013,116,20",7.0,7.0
3,"1013,120",55.0,54.0
4,"1013,120,158",29.0,29.0
5,"1013,120,159,20",2.0,2.0
6,"1013,120,2031",21.0,21.0
7,"1013,120,2031,433",1.0,1.0
8,"1013,120,25",7.0,7.0
9,"1013,120,30",2.0,2.0
10,"1013,120,433",2.0,2.0
11,"1013,120,836",55.0,54.0
12,"1013,1397,20,305,720",3.0,3.0
13,"1013,1403,158,2031",15.0,15.0
14,"1013,158,20,2031",2.0,2.0
15,"1013,158,2031",15.0,15.0
16,"1013,20",102.0,79.0
17,"1013,20,2031,433",1.0,1.0
18,"1013,20,22,433",4.0,4.0
19,"1013,20,29",16.0,15.0
20,"1013,20,836",102.0,79.0
21,"1013,20,86",46.0,40.0
22,"1013,2031",28.0,28.0
23,"1013,30,55",1.0,1.0
24,"1013,836",213.0,175.0
25,104,83.0,52.0
26,"104,111,120,2036,86",1.0,1.0
27,"104,113",44.0,36.0
28,"104,158,20,2031,29",1.0,1.0
29,"104,158,2031",2.0,2.0
30,"104,167",7.0,6.0
31,"104,1827,221",3.0,3.0
32,"104,20,221",11.0,11.0
33,"104,20,268",9.0,8.0
34,"104,20,29",15.0,14.0
35,"104,20,29,558",1.0,1.0
36,"104,2031",6.0,6.0
37,"104,2091,2094,29",13.0,11.0
38,"104,221",19.0,15.0
39,"104,221,433",1.0,1.0
40,"104,29",38.0,29.0
41,105,873.0,134.0
42,"105,108,160",6.0,4.0
43,"105,108,2067,392",6.0,5.0
44,"105,113,120,20",2.0,2.0
45,"105,116,158",2.0,2.0
46,"105,132",161.0,39.0
47,"105,132,160,277",2.0,2.0
48,"105,132,2099",161.0,39.0
49,"105,158,160",5.0,4.0
50,"105,158,2031",3.0,3.0
51,"105,159,2099,580",1.0,1.0
52,"105,16",873.0,134.0
53,"105,16,2067",873.0,134.0
54,"105,160",75.0,32.0
55,"105,160,165,567",3.0,3.0
56,"105,160,20",6.0,5.0
57,"105,160,277",6.0,4.0
58,"105,160,406",1.0,1.0
59,"105,165,29",5.0,5.0
60,"105,2031,93",1.0,1.0
61,"105,2067",873.0,134.0
62,"105,2099,97",97.0,53.0
63,"105,277",19.0,13.0
64,"105,277,29,392",3.0,2.0
65,"105,567",97.0,53.0
66,"105,567,568",19.0,13.0
67,"105,568",19.0,13.0
68,"1058,111,114,91",171.0,148.0
69,"1058,1968,2062,876,91",1278.0,677.0
70,"1058,2031,876",65.0,54.0
71,"107,111,20,31,387,93",1.0,1.0
72,"107,111,387,598",42.0,40.0
73,"107,111,387,93",42.0,40.0
74,"107,1123,1938,2031,387,93",1.0,1.0
75,"107,113,120,165,387,93",7.0,7.0
76,"107,113,121,159,2031,258,387,86,93",1.0,1.0
77,"107,114,120,158,2031",5.0,5.0
78,"107,114,120,158,2031,387",5.0,5.0
79,"107,114,120,2031,387",5.0,5.0
80,"107,114,122,165,20,387,93",1.0,1.0
81,"107,114,158,2031,93",5.0,5.0
82,"107,114,20,387",9.0,9.0
83,"107,114,2031,93",7.0,7.0
84,"107,114,2087,387,93",13.0,13.0
85,"107,116,120,158,2031,387,93",5.0,5.0
86,"107,116,158,165,2031,387,93",2.0,2.0
87,"107,120,121,158,2031",5.0,5.0
88,"107,120,121,160,2031",1.0,1.0
89,"107,120,122,158,387",9.0,9.0
90,"107,120,158,159,2031",2.0,2.0
91,"107,120,160,2031",3.0,3.0
92,"107,120,1855",16.0,16.0
93,"107,120,20,2031,387",3.0,3.0
94,"107,120,2031",16.0,16.0
95,"107,120,2031,387",16.0,16.0
96,"107,120,2031,387,93",13.0,13.0
97,"107,120,2031,406",5.0,5.0
98,"107,120,2031,93",13.0,13.0
99,"107,120,2050,387,93",2.0,2.0
100,"107,120,387",55.0,51.0
101,"107,120,387,93",48.0,45.0
102,"107,120,93",48.0,45.0
103,"107,121,158,2031,387,406",2.0,2.0
104,"107,121,2031",9.0,9.0
105,"107,121,2031,2101",4.0,4.0
106,"107,121,2031,29,387,93",1.0,1.0
107,"107,121,2031,313",9.0,9.0
108,"107,121,2031,387,93",8.0,8.0
109,"107,121,2031,93",8.0,8.0
110,"107,122",37.0,36.0
111,"107,122,158,159,387",3.0,3.0
112,"107,122,2031,387",10.0,10.0
113,"107,122,2031,387,93",8.0,8.0
114,"107,122,2087",12.0,12.0
115,"107,122,313",37.0,36.0
116,"107,122,387",37.0,36.0
117,"107,122,387,93",28.0,28.0
118,"107,1397,387",41.0,37.0
119,"107,1397,387,93",33.0,31.0
120,"107,158,159,2031",2.0,2.0
121,"107,158,159,387",8.0,7.0
122,"107,158,1855,387",11.0,11.0
123,"107,158,2031",22.0,22.0
124,"107,158,2031,387",22.0,22.0
125,"107,158,2031,387,93",19.0,19.0
126,"107,158,2036",11.0,11.0
127,"107,158,2036,387,406",1.0,1.0
128,"107,158,2036,387,93",9.0,9.0
129,"107,158,387,93",43.0,41.0
130,"107,158,93",43.0,41.0
131,"107,159,2031,387",3.0,3.0
132,"107,159,2031,387,93",3.0,3.0
133,"107,159,387",9.0,8.0
134,"107,165,387,526",11.0,11.0
135,"107,165,387,526,93",9.0,9.0
136,"107,165,387,93",51.0,49.0
137,"107,165,93",51.0,49.0
138,"107,1855,387",41.0,37.0
139,"107,1855,387,93",33.0,31.0
140,"107,188,387,93",5.0,5.0
141,"107,20,2031",4.0,4.0
142,"107,20,2031,93",2.0,2.0
143,"107,20,387",15.0,15.0
144,"107,20,387,86,93",6.0,6.0
145,"107,20,387,93",10.0,10.0
146,"107,2031",38.0,36.0
147,"107,2031,2050,387",2.0,2.0
148,"107,2031,2050,387,93",1.0,1.0
149,"107,2031,258,387,93",7.0,7.0
150,"107,2031,308",38.0,36.0
151,"107,2031,387",38.0,36.0
152,"107,2031,387,93",29.0,29.0
153,"107,2031,93",29.0,29.0
154,"107,2036,29,387",5.0,5.0
155,"107,2036,387",41.0,37.0
156,"107,2036,387,91",4.0,4.0
157,"107,2036,387,93",33.0,31.0
158,"107,2050,387,93",6.0,6.0
159,"107,2087",33.0,33.0
160,"107,2087,387,93",30.0,30.0
161,"107,25,387,93",6.0,6.0
162,"107,29,387,93",17.0,16.0
163,"107,308,387",178.0,158.0
164,"107,313",178.0,158.0
165,"107,387",178.0,158.0
166,"107,387,526",15.0,15.0
167,"107,387,526,93",13.0,13.0
168,"107,387,598",141.0,128.0
169,"107,387,93",141.0,128.0
170,"107,526,93",13.0,13.0
171,"107,93",141.0,128.0
172,108,284.0,64.0
173,"108,111",50.0,26.0
174,"108,111,16",7.0,5.0
175,"108,111,277,29",27.0,16.0
176,"108,16",19.0,13.0
177,"108,16,160",6.0,4.0
178,"108,16,358,392",1.0,1.0
179,"108,16,97",19.0,13.0
180,"108,160",23.0,12.0
181,"108,160,2067,568",6.0,4.0
182,"108,1830,2068",284.0,64.0
183,"108,2067",19.0,13.0
184,"108,2068,277",284.0,64.0
185,"108,258,277,448",25.0,15.0
186,"108,27,29",2.0,2.0
187,"108,277",284.0,64.0
188,"108,277,29",81.0,39.0
189,"108,277,29,567,568",81.0,39.0
190,"108,277,568",284.0,64.0
191,"108,277,568,97",284.0,64.0
192,"108,29",81.0,39.0
193,"108,392",39.0,16.0
194,"108,567,568",284.0,64.0
195,"108,568",284.0,64.0
196,"108,568,97",284.0,64.0
197,"108,97",284.0,64.0
198,"111,113,114,29,305",71.0,66.0
199,"111,113,120",247.0,231.0
200,"111,113,120,86",247.0,231.0
201,"111,113,30",22.0,21.0
202,"111,114,120,132,158,93",1.0,1.0
203,"111,114,120,258,282",49.0,47.0
204,"111,114,120,30,305",1.0,1.0
205,"111,114,122,358",56.0,55.0
206,"111,114,158,20,720,93",1.0,1.0
207,"111,114,159",53.0,47.0
208,"111,114,159,20",18.0,17.0
209,"111,114,159,30",3.0,3.0
210,"111,114,165,258",68.0,67.0
211,"111,114,20,25,86",76.0,72.0
212,"111,114,20,31,86",68.0,60.0
213,"111,114,20,91",33.0,32.0
214,"111,114,2031",146.0,142.0
215,"111,114,2087",112.0,110.0
216,"111,116,120,2031",59.0,58.0
217,"111,116,20",59.0,53.0
218,"111,116,20,31,433",2.0,1.0
219,"111,116,406,433,86",1.0,0.0
220,"111,116,406,55,86",6.0,6.0
221,"111,120",698.0,596.0
222,"111,120,121,2031,598",46.0,45.0
223,"111,120,122",150.0,138.0
224,"111,120,1397",106.0,99.0
225,"111,120,158",289.0,265.0
226,"111,120,158,159,2036,93",2.0,2.0
227,"111,120,158,159,93",7.0,6.0
228,"111,120,158,2031",147.0,140.0
229,"111,120,159",74.0,66.0
230,"111,120,160,19",3.0,3.0
231,"111,120,2031,2036,93",5.0,5.0
232,"111,120,2031,406",31.0,31.0
233,"111,120,2031,93",12.0,12.0
234,"111,120,282",201.0,191.0
235,"111,120,29,433",3.0,2.0
236,"111,120,30,305,86",1.0,1.0
237,"111,120,30,86,93",1.0,1.0
238,"111,120,305,91",6.0,6.0
239,"111,120,433",7.0,5.0
240,"111,120,86,93",16.0,15.0
241,"111,120,93",41.0,38.0
242,"111,121,158,160",21.0,20.0
243,"111,121,2031",106.0,101.0
244,"111,121,2031,93",6.0,6.0
245,"111,122,93",22.0,22.0
246,"111,1403,26,305",5.0,5.0
247,"111,158,20,2031,433",3.0,3.0
248,"111,158,20,31",13.0,12.0
249,"111,158,2031",239.0,220.0
250,"111,158,2031,93",17.0,17.0
251,"111,159",128.0,110.0
252,"111,159,20,26",4.0,3.0
253,"111,159,2031",69.0,62.0
254,"111,159,2031,30",4.0,4.0
255,"111,159,2087",10.0,9.0
256,"111,159,26,86",8.0,7.0
257,"111,159,30,433",1.0,1.0
258,"111,159,304",9.0,8.0
259,"111,16",237.0,55.0
260,"111,16,2067",237.0,55.0
261,"111,160",160.0,116.0
262,"111,165,2031",55.0,53.0
263,"111,165,358",298.0,266.0
264,"111,165,526",43.0,41.0
265,"111,167,26",21.0,19.0
266,"111,167,30,769",4.0,4.0
267,"111,19",79.0,50.0
268,"111,20",824.0,582.0
269,"111,20,2031,433",3.0,3.0
270,"111,20,29,433",3.0,2.0
271,"111,20,31",134.0,108.0
272,"111,20,433",9.0,8.0
273,"111,2020,29",251.0,220.0
274,"111,2031",478.0,400.0
275,"111,2031,2050",35.0,33.0
276,"111,2031,2096",33.0,25.0
277,"111,2031,29",92.0,79.0
278,"111,2031,30,433",1.0,1.0
279,"111,2031,93",23.0,23.0
280,"111,2049",186.0,181.0
281,"111,2049,433",5.0,4.0
282,"111,2050",237.0,183.0
283,"111,2050,86",92.0,86.0
284,"111,2068,97",238.0,134.0
285,"111,2087,55,61,87",3.0,3.0
286,"111,2087,86",112.0,110.0
287,"111,2101",52.0,48.0
288,"111,26,433",5.0,4.0
289,"111,27,86",45.0,40.0
290,"111,29",926.0,662.0
291,"111,29,433",3.0,2.0
292,"111,29,86",334.0,307.0
293,"111,30,433,55",1.0,1.0
294,"111,30,86",22.0,21.0
295,"111,387,93",42.0,40.0
296,"111,526",72.0,68.0
297,"111,568",50.0,26.0
298,"111,93",110.0,106.0
299,1123,509.0,71.0
300,"1123,1318,2031,406",2.0,2.0
301,"1123,159,1938,2031,25",1.0,1.0
302,"1123,160,1938",5.0,4.0
303,"1123,1938",509.0,71.0
304,"1123,1938,2031",12.0,11.0
305,"1123,1938,2036",10.0,7.0
306,"1123,1938,93",10.0,10.0
307,"1123,2031",12.0,11.0
308,"1123,2067",2.0,2.0
309,"113,114,165",878.0,712.0
310,"113,116,120,1397,2031",10.0,10.0
311,"113,116,120,159,160,2031,55",3.0,3.0
312,"113,116,120,2031,433",2.0,2.0
313,"113,120",674.0,594.0
314,"113,120,158",254.0,235.0
315,"113,120,158,2031",128.0,120.0
316,"113,120,158,2031,433",5.0,5.0
317,"113,120,158,2031,86",128.0,120.0
318,"113,120,158,282",98.0,92.0
319,"113,120,160",44.0,41.0
320,"113,120,160,2031",22.0,21.0
321,"113,120,20,86",186.0,178.0
322,"113,120,2031",199.0,181.0
323,"113,120,2031,406,433",1.0,1.0
324,"113,120,2031,836",40.0,39.0
325,"113,120,282,55",57.0,53.0
326,"113,120,406",44.0,42.0
327,"113,120,433",8.0,7.0
328,"113,120,86",674.0,594.0
329,"113,122,165",222.0,211.0
330,"113,122,165,2087",170.0,162.0
331,"113,122,20,433",3.0,2.0
332,"113,122,2087,433",2.0,1.0
333,"113,1315,165",1.0,1.0
334,"113,158",463.0,424.0
335,"113,158,2031",184.0,172.0
336,"113,160,30,406",1.0,1.0
337,"113,165",878.0,712.0
338,"113,165,20,2031",26.0,26.0
339,"113,165,2036",96.0,90.0
340,"113,165,2049",878.0,712.0
341,"113,165,2050",42.0,40.0
342,"113,165,29",108.0,100.0
343,"113,165,358",459.0,416.0
344,"113,165,358,86",459.0,416.0
345,"113,165,86",878.0,712.0
346,"113,165,93",46.0,44.0
347,"113,1855,29",166.0,148.0
348,"113,1855,93",25.0,25.0
349,"113,20",2921.0,1298.0
350,"113,20,2031",112.0,104.0
351,"113,20,2050,25,258",99.0,89.0
352,"113,20,223,433",4.0,3.0
353,"113,20,25,258,55",44.0,43.0
354,"113,20,27",120.0,93.0
355,"113,20,312",9.0,9.0
356,"113,20,359",51.0,47.0
357,"113,20,86,87",54.0,50.0
358,"113,2031,29",84.0,80.0
359,"113,2031,30",22.0,22.0
360,"113,2031,31",22.0,21.0
361,"113,2087",459.0,416.0
362,"113,2096,26",178.0,131.0
363,"113,258,29,86",285.0,258.0
364,"113,258,358",145.0,140.0
365,"113,29",1156.0,843.0
366,"113,30",103.0,70.0
367,"113,30,433,61",1.0,1.0
368,114,6922.0,3431.0
369,"114,116,120",155.0,146.0
370,"114,116,120,2036,29",4.0,4.0
371,"114,116,159,559",2.0,1.0
372,"114,116,20",110.0,98.0
373,"114,116,20,31,55",10.0,9.0
374,"114,116,93",17.0,17.0
375,"114,1186,86",6922.0,3431.0
376,"114,120",674.0,594.0
377,"114,120,122,165,387,93",3.0,3.0
378,"114,120,122,93",14.0,14.0
379,"114,120,1397,158",52.0,50.0
380,"114,120,158",254.0,235.0
381,"114,120,158,2031",128.0,120.0
382,"114,120,159,2031",41.0,40.0
383,"114,120,159,64,93",1.0,1.0
384,"114,120,165",154.0,147.0
385,"114,120,165,20,358",23.0,22.0
386,"114,120,20",186.0,178.0
387,"114,120,20,720",35.0,35.0
388,"114,120,2031",199.0,181.0
389,"114,120,2031,93",10.0,10.0
390,"114,120,392,720",3.0,2.0
391,"114,120,93",36.0,35.0
392,"114,122",390.0,359.0
393,"114,122,2031,2050",10.0,10.0
394,"114,122,30,55",1.0,1.0
395,"114,122,358",179.0,170.0
396,"114,122,69,91",5.0,4.0
397,"114,122,91",40.0,36.0
398,"114,1367,2050",403.0,283.0
399,"114,1397,30",6.0,5.0
400,"114,1397,666",153.0,140.0
401,"114,158,159,26,86",10.0,9.0
402,"114,158,2031",184.0,172.0
403,"114,159,2050,433",2.0,1.0
404,"114,159,580",24.0,23.0
405,"114,160,2031",43.0,41.0
406,"114,165",878.0,712.0
407,"114,165,2036,93",4.0,4.0
408,"114,165,2087,2101",2.0,1.0
409,"114,167,268,710",74.0,64.0
410,"114,1821,2091",1134.0,539.0
411,"114,19",103.0,70.0
412,"114,19,2031",22.0,22.0
413,"114,19,433",2.0,2.0
414,"114,19,93",2.0,2.0
415,"114,20",2921.0,1298.0
416,"114,20,2031",112.0,104.0
417,"114,20,2031,2050,25",37.0,35.0
418,"114,20,2031,25",37.0,35.0
419,"114,20,2031,31",22.0,21.0
420,"114,20,2031,433",4.0,4.0
421,"114,20,2031,93",4.0,4.0
422,"114,20,2062,61",2.0,2.0
423,"114,20,2084",745.0,269.0
424,"114,20,2091",853.0,427.0
425,"114,20,2091,433",15.0,13.0
426,"114,20,2094",853.0,427.0
427,"114,20,2115",24.0,22.0
428,"114,20,22",162.0,137.0
429,"114,20,234,29,61",9.0,9.0
430,"114,20,25,86",326.0,236.0
431,"114,20,25,93",4.0,4.0
432,"114,20,26",60.0,49.0
433,"114,20,26,305",6.0,5.0
434,"114,20,268",893.0,350.0
435,"114,20,27",120.0,93.0
436,"114,20,27,433",4.0,3.0
437,"114,20,31",231.0,165.0
438,"114,20,433",33.0,31.0
439,"114,20,433,55",10.0,10.0
440,"114,20,433,61",6.0,6.0
441,"114,20,558,559",58.0,47.0
442,"114,2020,29",235.0,209.0
443,"114,2020,29,93",4.0,4.0
444,"114,2031,26",18.0,18.0
445,"114,2031,93",17.0,17.0
446,"114,2036,2062,91",138.0,129.0
447,"114,2050,86",403.0,283.0
448,"114,2084,86",879.0,310.0
449,"114,2087",459.0,416.0
450,"114,2087,2101",2.0,1.0
451,"114,2091",1134.0,539.0
452,"114,2094,268",233.0,182.0
453,"114,2094,562",48.0,36.0
454,"114,2096,29",48.0,43.0
455,"114,2115",65.0,45.0
456,"114,2115,29,386",18.0,16.0
457,"114,26",178.0,131.0
458,"114,26,30",5.0,5.0
459,"114,26,433",6.0,5.0
460,"114,26,433,55",4.0,4.0
461,"114,26,87,91",3.0,3.0
462,"114,29",1156.0,843.0
463,"114,29,305,93",2.0,2.0
464,"114,29,433",10.0,8.0
465,"114,30",103.0,70.0
466,"114,30,433",2.0,2.0
467,"114,30,86",103.0,70.0
468,"114,30,93",2.0,2.0
469,"114,433,86",52.0,46.0
470,"114,666,69,91",63.0,58.0
471,"114,666,91",633.0,452.0
472,"114,836",512.0,438.0
473,"114,86,93",124.0,118.0
474,"114,91",1224.0,729.0
475,"114,91,93",41.0,40.0
476,"114,93",124.0,118.0
477,116,883.0,661.0
478,"116,120",424.0,357.0
479,"116,120,121,2031,282",27.0,27.0
480,"116,120,122",61.0,57.0
481,"116,120,122,158",37.0,35.0
482,"116,120,1397",91.0,84.0
483,"116,120,1397,282",28.0,28.0
484,"116,120,145,87",8.0,7.0
485,"116,120,158",206.0,196.0
486,"116,120,158,2031,2036,93",3.0,3.0
487,"116,120,158,2031,258,282,433",1.0,1.0
488,"116,120,158,2031,93",15.0,15.0
489,"116,120,159",45.0,43.0
490,"116,120,159,160",8.0,7.0
491,"116,120,159,2031",27.0,27.0
492,"116,120,159,2031,258,406",5.0,5.0
493,"116,120,159,2031,258,406,55",2.0,2.0
494,"116,120,159,2031,282,93",3.0,3.0
495,"116,120,159,2031,406",7.0,7.0
496,"116,120,160",30.0,28.0
497,"116,120,160,2031",15.0,14.0
498,"116,120,160,2036",6.0,6.0
499,"116,120,160,282",12.0,11.0
500,"116,120,160,93",5.0,5.0
501,"116,120,165,2031",17.0,17.0
502,"116,120,1855,282",28.0,28.0
503,"116,120,20",69.0,65.0
504,"116,120,2031",146.0,133.0
505,"116,120,2031,258,433",1.0,1.0
506,"116,120,2031,282",72.0,69.0
507,"116,120,2031,282,433",1.0,1.0
508,"116,120,2031,282,93",12.0,12.0
509,"116,120,2031,406",24.0,23.0
510,"116,120,2031,433",2.0,2.0
511,"116,120,2031,86",59.0,55.0
512,"116,120,2031,93",17.0,17.0
513,"116,120,2036",91.0,84.0
514,"116,120,2036,282",28.0,28.0
515,"116,120,2036,29",8.0,8.0
516,"116,120,282",155.0,143.0
517,"116,120,282,433",2.0,1.0
518,"116,120,29,86",20.0,19.0
519,"116,120,55,61",20.0,19.0
520,"116,120,69,86",3.0,2.0
521,"116,120,86",155.0,146.0
522,"116,122,165,2031",9.0,9.0
523,"116,122,20,93",3.0,3.0
524,"116,122,2036",17.0,17.0
525,"116,132",35.0,32.0
526,"116,1367,20",34.0,28.0
527,"116,1367,20,2050,86",21.0,18.0
528,"116,158,159",40.0,39.0
529,"116,158,2031",139.0,130.0
530,"116,158,2031,29",18.0,18.0
531,"116,158,2031,406",25.0,24.0
532,"116,158,2031,93",19.0,19.0
533,"116,159,20",14.0,13.0
534,"116,159,20,31",3.0,2.0
535,"116,159,2031,93",4.0,4.0
536,"116,159,282,86",21.0,20.0
537,"116,160,2031,30",1.0,1.0
538,"116,160,282",16.0,14.0
539,"116,160,29,433",1.0,0.0
540,"116,19,2031",14.0,13.0
541,"116,20",181.0,150.0
542,"116,20,31",34.0,26.0
543,"116,20,433,87",1.0,0.0
544,"116,20,86",110.0,98.0
545,"116,20,93",5.0,5.0
546,"116,2031",206.0,185.0
547,"116,2031,282,406",18.0,18.0
548,"116,2031,93",22.0,22.0
549,"116,2036",141.0,123.0
550,"116,2050,86",27.0,23.0
551,"116,2096",52.0,39.0
552,"116,26",52.0,39.0
553,"116,26,305,86",3.0,2.0
554,"116,29,433",1.0,0.0
555,"116,29,61",13.0,13.0
556,"116,29,87",25.0,23.0
557,"116,30",60.0,34.0
558,"116,433,86",7.0,6.0
559,"116,55,61",33.0,32.0
560,"116,91,93",4.0,4.0
561,"1186,120,1397,2031",24.0,22.0
562,119,8.0,4.0
563,"119,20",2.0,0.0
564,120,4228.0,2205.0
565,"120,121,158",222.0,202.0
566,"120,121,158,2031",170.0,160.0
567,"120,121,158,2031,86",43.0,42.0
568,"120,121,158,2031,93",10.0,10.0
569,"120,121,20,2031,387,93",1.0,1.0
570,"120,121,2031",239.0,209.0
571,"120,121,2031,2050",13.0,13.0
572,"120,121,2031,2101",34.0,32.0
573,"120,121,2031,258",83.0,80.0
574,"120,122",633.0,457.0
575,"120,122,132",17.0,14.0
576,"120,122,132,160",3.0,2.0
577,"120,122,1397,158,159",12.0,12.0
578,"120,122,158",207.0,186.0
579,"120,122,158,160",12.0,11.0
580,"120,122,158,160,2031,2036",4.0,4.0
581,"120,122,158,20",37.0,35.0
582,"120,122,158,2031,282",26.0,25.0
583,"120,122,158,2031,93",9.0,9.0
584,"120,122,158,2096",9.0,8.0
585,"120,122,159",57.0,53.0
586,"120,122,165,19,20,2031",3.0,3.0
587,"120,122,20",102.0,93.0
588,"120,122,20,433",3.0,2.0
589,"120,122,2031",168.0,146.0
590,"120,122,2031,2036",39.0,37.0
591,"120,122,2031,433",2.0,2.0
592,"120,122,2050",23.0,21.0
593,"120,122,29",59.0,54.0
594,"120,122,433",3.0,2.0
595,"120,122,93",34.0,33.0
596,"120,132,158",46.0,43.0
597,"120,132,158,160,2031",9.0,9.0
598,"120,132,158,19,30",1.0,1.0
599,"120,132,158,433,86",2.0,1.0
600,"120,132,160",22.0,21.0
601,"120,132,2031",33.0,30.0
602,"120,1397",772.0,496.0
603,"120,1397,158",257.0,224.0
604,"120,1397,2036",772.0,496.0
605,"120,1397,433",1.0,1.0
606,"120,1403,20,857,93",3.0,3.0
607,"120,158",1375.0,1001.0
608,"120,158,159",168.0,148.0
609,"120,158,159,160",24.0,23.0
610,"120,158,159,160,580",11.0,10.0
611,"120,158,159,2031",116.0,104.0
612,"120,158,159,2031,86",33.0,32.0
613,"120,158,159,2031,86,87",5.0,5.0
614,"120,158,159,2031,86,93",3.0,3.0
615,"120,158,159,2036",22.0,21.0
616,"120,158,159,86",50.0,47.0
617,"120,158,160",128.0,113.0
618,"120,158,160,2031",78.0,70.0
619,"120,158,160,2031,2096,30",2.0,2.0
620,"120,158,160,2031,392",5.0,5.0
621,"120,158,160,2031,93",6.0,6.0
622,"120,158,160,86",26.0,24.0
623,"120,158,1855,308,309",7.0,7.0
624,"120,158,19",18.0,18.0
625,"120,158,20,2031,29,93",2.0,2.0
626,"120,158,20,2031,433",4.0,4.0
627,"120,158,2031",719.0,540.0
628,"120,158,2031,258,433",1.0,1.0
629,"120,158,2031,282",149.0,137.0
630,"120,158,2031,29,91",10.0,10.0
631,"120,158,2031,30",11.0,11.0
632,"120,158,2031,387,597,93",9.0,9.0
633,"120,158,2031,392",21.0,20.0
634,"120,158,2031,406",87.0,81.0
635,"120,158,2031,406,93",7.0,7.0
636,"120,158,2031,433",5.0,5.0
637,"120,158,2031,86",128.0,120.0
638,"120,158,2031,91",25.0,25.0
639,"120,158,2031,93",31.0,31.0
640,"120,158,2036",257.0,224.0
641,"120,158,2036,304",11.0,10.0
642,"120,158,282,86",98.0,92.0
643,"120,158,30",18.0,18.0
644,"120,158,304",54.0,44.0
645,"120,158,406",123.0,113.0
646,"120,158,433",11.0,10.0
647,"120,158,433,55,61",1.0,1.0
648,"120,158,433,86",7.0,6.0
649,"120,158,60",2.0,1.0
650,"120,158,64",10.0,8.0
651,"120,158,86",254.0,235.0
652,"120,158,93",67.0,65.0
653,"120,159",262.0,219.0
654,"120,159,160",31.0,29.0
655,"120,159,160,580",13.0,12.0
656,"120,159,20,2031",34.0,33.0
657,"120,159,20,2031,406",7.0,7.0
658,"120,159,20,93",2.0,2.0
659,"120,159,2031",146.0,130.0
660,"120,159,2031,406",29.0,29.0
661,"120,159,2031,580",33.0,31.0
662,"120,159,2031,61",11.0,11.0
663,"120,159,2031,86",41.0,40.0
664,"120,159,2031,93",8.0,8.0
665,"120,159,305",12.0,12.0
666,"120,159,433",2.0,1.0
667,"120,159,61",15.0,14.0
668,"120,159,86",65.0,62.0
669,"120,16,2031,97",1.0,1.0
670,"120,160",264.0,205.0
671,"120,160,165",30.0,28.0
672,"120,160,165,2031,358,720",2.0,2.0
673,"120,160,165,2031,93",1.0,1.0
674,"120,160,165,93",2.0,2.0
675,"120,160,2031",129.0,106.0
676,"120,160,2031,29",11.0,11.0
677,"120,160,2031,304,93",1.0,1.0
678,"120,160,2031,406",29.0,28.0
679,"120,160,2031,86",22.0,21.0
680,"120,160,2031,93",6.0,6.0
681,"120,160,282",33.0,31.0
682,"120,160,86",44.0,41.0
683,"120,160,93",11.0,11.0
684,"120,165",394.0,356.0
685,"120,165,19,20,2096",1.0,1.0
686,"120,165,2031",106.0,103.0
687,"120,165,29",42.0,40.0
688,"120,165,91",27.0,27.0
689,"120,165,93",26.0,25.0
690,"120,1827,2031,282",24.0,23.0
691,"120,1855,20",82.0,71.0
692,"120,1855,433",1.0,1.0
693,"120,188,2031",13.0,11.0
694,"120,188,2031,86",5.0,5.0
695,"120,1938,2031",6.0,6.0
696,"120,20",541.0,421.0
697,"120,20,2031",163.0,143.0
698,"120,20,2031,2036",19.0,19.0
699,"120,20,2031,2094",10.0,10.0
700,"120,20,2031,25",43.0,40.0
701,"120,20,2031,29",36.0,36.0
702,"120,20,2031,433",4.0,4.0
703,"120,20,2031,720",28.0,27.0
704,"120,20,2031,91",10.0,10.0
705,"120,20,2031,93",5.0,5.0
706,"120,20,2036,305",4.0,4.0
707,"120,20,2096",30.0,28.0
708,"120,20,25,387,93",1.0,1.0
709,"120,20,26,60,86",1.0,0.0
710,"120,20,29",96.0,89.0
711,"120,20,31",57.0,50.0
712,"120,20,31,55",22.0,22.0
713,"120,20,31,93",1.0,1.0
714,"120,20,433",8.0,7.0
715,"120,20,61",22.0,21.0
716,"120,20,93",16.0,14.0
717,"120,2031",1410.0,849.0
718,"120,2031,2036",142.0,129.0
719,"120,2031,2036,29",18.0,18.0
720,"120,2031,2036,433",1.0,1.0
721,"120,2031,2036,93",12.0,12.0
722,"120,2031,2049,29",13.0,13.0
723,"120,2031,2049,93",3.0,3.0
724,"120,2031,2050",54.0,49.0
725,"120,2031,258,93",14.0,14.0
726,"120,2031,26",40.0,35.0
727,"120,2031,282",216.0,188.0
728,"120,2031,282,30",2.0,2.0
729,"120,2031,282,86",70.0,67.0
730,"120,2031,29",86.0,81.0
731,"120,2031,29,836",14.0,13.0
732,"120,2031,30",24.0,23.0
733,"120,2031,30,433",1.0,1.0
734,"120,2031,309,387,598",13.0,13.0
735,"120,2031,358",71.0,71.0
736,"120,2031,406",122.0,110.0
737,"120,2031,433",5.0,5.0
738,"120,2031,433,857",3.0,3.0
739,"120,2031,433,86",5.0,5.0
740,"120,2031,526",24.0,23.0
741,"120,2031,55,61",42.0,35.0
742,"120,2031,580",67.0,58.0
743,"120,2031,598",723.0,569.0
744,"120,2031,61,86,93",3.0,3.0
745,"120,2031,64",4.0,4.0
746,"120,2031,660",239.0,209.0
747,"120,2031,720",86.0,80.0
748,"120,2031,86",199.0,181.0
749,"120,2031,93",50.0,49.0
750,"120,2036",772.0,496.0
751,"120,2036,29,93",4.0,3.0
752,"120,2036,30",5.0,5.0
753,"120,2036,392",25.0,22.0
754,"120,2036,433",1.0,1.0
755,"120,2036,508,86",8.0,8.0
756,"120,2036,86",122.0,118.0
757,"120,2036,93",34.0,32.0
758,"120,2049",154.0,147.0
759,"120,2050",135.0,116.0
760,"120,2050,2096",10.0,8.0
761,"120,2067",20.0,18.0
762,"120,2096",101.0,85.0
763,"120,2096,433,86",3.0,2.0
764,"120,2096,55,61",10.0,9.0
765,"120,26",101.0,85.0
766,"120,282",507.0,408.0
767,"120,282,392",21.0,18.0
768,"120,282,86",151.0,143.0
769,"120,29",336.0,270.0
770,"120,29,305",17.0,17.0
771,"120,29,93",17.0,15.0
772,"120,30",58.0,49.0
773,"120,30,666",3.0,3.0
774,"120,305",53.0,51.0
775,"120,305,55,61",2.0,2.0
776,"120,308",55.0,51.0
777,"120,308,93",48.0,45.0
778,"120,392",143.0,114.0
779,"120,406",188.0,164.0
780,"120,406,55",49.0,46.0
781,"120,433",16.0,13.0
782,"120,433,86",8.0,7.0
783,"120,526",60.0,56.0
784,"120,55,61,86",20.0,18.0
785,"120,55,86",155.0,145.0
786,"120,568",3.0,3.0
787,"120,61",100.0,81.0
788,"120,720",250.0,218.0
789,"120,836",250.0,218.0
790,"120,86",674.0,594.0
791,"120,86,93",36.0,35.0
792,"120,91",216.0,173.0
793,"120,93",135.0,126.0
794,121,1028.0,602.0
795,"121,122,1397,158,2031,519",2.0,2.0
796,"121,122,158",61.0,58.0
797,"121,122,2031",71.0,67.0
798,"121,122,2036",27.0,26.0
799,"121,1466,2031",65.0,59.0
800,"121,158,159,160",16.0,16.0
801,"121,158,159,2031",78.0,70.0
802,"121,158,165",31.0,30.0
803,"121,158,20,2031",36.0,35.0
804,"121,158,2031",323.0,262.0
805,"121,158,2031,2087",13.0,13.0
806,"121,158,2031,2096,86",3.0,3.0
807,"121,158,2031,26",6.0,6.0
808,"121,158,2031,29",23.0,22.0
809,"121,158,2031,30",9.0,9.0
810,"121,158,2031,93",18.0,16.0
811,"121,158,2036",63.0,60.0
812,"121,158,2036,308,309",2.0,2.0
813,"121,158,406",77.0,72.0
814,"121,159,2031",95.0,83.0
815,"121,159,2031,29",6.0,5.0
816,"121,160",163.0,114.0
817,"121,160,2031",69.0,59.0
818,"121,160,433,598",1.0,1.0
819,"121,160,598",85.0,67.0
820,"121,165,2031,93",2.0,2.0
821,"121,20",107.0,86.0
822,"121,20,2031",65.0,59.0
823,"121,20,2031,93",3.0,3.0
824,"121,2031",574.0,392.0
825,"121,2031,2036",64.0,59.0
826,"121,2031,2050",26.0,24.0
827,"121,2031,2050,86",9.0,9.0
828,"121,2031,25",26.0,24.0
829,"121,2031,29",38.0,35.0
830,"121,2031,308,309",9.0,9.0
831,"121,2031,308,93",8.0,8.0
832,"121,2031,309,387",9.0,9.0
833,"121,2031,406",84.0,74.0
834,"121,2031,406,93",6.0,5.0
835,"121,2031,91",22.0,18.0
836,"121,2031,93",29.0,26.0
837,"121,2036",95.0,87.0
838,"121,30,91",1.0,1.0
839,"121,406",113.0,94.0
840,122,2214.0,1368.0
841,"122,132,519",8.0,7.0
842,"122,1397,2031,308,309",3.0,3.0
843,"122,158",351.0,302.0
844,"122,158,258,93",14.0,14.0
845,"122,158,93",34.0,34.0
846,"122,159",82.0,74.0
847,"122,159,305,31",1.0,1.0
848,"122,160,20,2031",11.0,10.0
849,"122,165",769.0,629.0
850,"122,165,309,358,519,93",3.0,3.0
851,"122,165,358",579.0,490.0
852,"122,165,358,93",27.0,27.0
853,"122,1710",106.0,81.0
854,"122,1710,20,86",3.0,2.0
855,"122,1710,358,433",1.0,0.0
856,"122,1938,93",1.0,1.0
857,"122,20",319.0,236.0
858,"122,20,2031",59.0,56.0
859,"122,20,25",77.0,57.0
860,"122,20,31,433",1.0,0.0
861,"122,20,93",10.0,9.0
862,"122,2031",389.0,268.0
863,"122,2031,2036",84.0,60.0
864,"122,2031,2036,30",2.0,2.0
865,"122,2031,2050",18.0,18.0
866,"122,2031,387,93",8.0,8.0
867,"122,2031,526",11.0,11.0
868,"122,2031,93",26.0,26.0
869,"122,2036",280.0,225.0
870,"122,2049,433",2.0,1.0
871,"122,2050",94.0,69.0
872,"122,2050,30,86",3.0,3.0
873,"122,2067,567",2.0,2.0
874,"122,2087",579.0,490.0
875,"122,2096",67.0,51.0
876,"122,25",94.0,69.0
877,"122,30",35.0,22.0
878,"122,308,598",28.0,28.0
879,"122,358",645.0,527.0
880,"122,387",37.0,36.0
881,"122,433",3.0,2.0
882,"122,519",205.0,160.0
883,"122,666",45.0,38.0
884,"122,69,876",8.0,6.0
885,"122,93",85.0,79.0
886,1315,296.0,18.0
887,"1315,359",1.0,1.0
888,"1318,158,2031",9.0,9.0
889,"132,158,160,2031",13.0,13.0
890,"132,158,2031,857",7.0,7.0
891,"132,160",102.0,71.0
892,"132,160,20,25",5.0,3.0
893,"132,160,2031",21.0,20.0
894,"132,160,2031,93",2.0,2.0
895,"132,20,31,93",1.0,1.0
896,"132,2031",56.0,49.0
897,"132,2031,406",11.0,11.0
898,"132,2031,93",6.0,6.0
899,"132,2067",161.0,39.0
900,"132,392",198.0,94.0
901,"132,568",30.0,18.0
902,1367,1864.0,682.0
903,"1367,158,20,2031,2050",31.0,30.0
904,"1367,20,2031",105.0,85.0
905,"1367,20,2031,2050,25",105.0,85.0
906,"1367,20,2031,25",105.0,85.0
907,"1367,20,25,433",9.0,8.0
908,"1367,20,25,86",326.0,236.0
909,"1367,2031,2036",10.0,10.0
910,"1367,2031,2050,25",131.0,105.0
911,"1367,2050",1864.0,682.0
912,"1367,25",1864.0,682.0
913,139,351.0,150.0
914,"139,20,29",13.0,11.0
915,"139,27",177.0,81.0
916,"139,27,91",21.0,19.0
917,1397,3467.0,1539.0
918,"1397,158,2031",153.0,132.0
919,"1397,158,86,93",6.0,6.0
920,"1397,165,358",139.0,127.0
921,"1397,2031,387",9.0,8.0
922,"1397,2036",3467.0,1539.0
923,"1397,2036,2050",52.0,43.0
924,"1397,29",861.0,404.0
925,"1397,30",22.0,18.0
926,"1397,308,309",41.0,37.0
927,"1397,433",3.0,3.0
928,"1397,508",77.0,62.0
929,"1397,91",627.0,333.0
930,"1397,93",88.0,78.0
931,"1403,160,857",30.0,26.0
932,"1403,160,86",11.0,11.0
933,"1403,1710,857",11.0,11.0
934,"1403,433,857",79.0,51.0
935,"1405,2031",9.0,9.0
936,"145,30",2.0,2.0
937,1466,9808.0,2725.0
938,"1466,20",9808.0,2725.0
939,158,3188.0,1896.0
940,"158,159,160",41.0,39.0
941,"158,159,160,93",2.0,2.0
942,"158,159,20,2031",35.0,34.0
943,"158,159,2031",197.0,159.0
944,"158,159,2031,26,29",3.0,3.0
945,"158,159,2031,406",34.0,32.0
946,"158,159,2031,406,580",7.0,7.0
947,"158,159,2031,580",38.0,34.0
948,"158,159,2031,769",15.0,15.0
949,"158,159,2031,93",7.0,7.0
950,"158,159,282,406,86",11.0,10.0
951,"158,159,30",10.0,10.0
952,"158,159,580",53.0,48.0
953,"158,16,160,2031",1.0,1.0
954,"158,160",292.0,207.0
955,"158,160,2031",157.0,122.0
956,"158,160,2031,2036",17.0,16.0
957,"158,160,2031,387",2.0,2.0
958,"158,160,2031,93",8.0,8.0
959,"158,160,2036",26.0,24.0
960,"158,160,277",1.0,1.0
961,"158,160,93",14.0,14.0
962,"158,165,2031",98.0,93.0
963,"158,167,93",11.0,10.0
964,"158,1855",645.0,500.0
965,"158,19",36.0,31.0
966,"158,20",343.0,283.0
967,"158,20,2020,29",3.0,3.0
968,"158,20,2031",143.0,132.0
969,"158,20,2031,26",14.0,14.0
970,"158,20,2031,282",27.0,27.0
971,"158,20,2031,387",3.0,3.0
972,"158,20,2031,433",4.0,4.0
973,"158,20,2031,93",4.0,4.0
974,"158,20,2036,69",4.0,4.0
975,"158,20,2091",13.0,12.0
976,"158,20,27",18.0,15.0
977,"158,20,29,93",3.0,2.0
978,"158,2031",1479.0,912.0
979,"158,2031,2036",153.0,132.0
980,"158,2031,2036,93",7.0,7.0
981,"158,2031,2050",42.0,38.0
982,"158,2031,2050,86",18.0,18.0
983,"158,2031,2096",33.0,30.0
984,"158,2031,2096,61",3.0,3.0
985,"158,2031,2096,86",14.0,14.0
986,"158,2031,2101",79.0,76.0
987,"158,2031,258",303.0,263.0
988,"158,2031,258,308,309,406,660",2.0,2.0
989,"158,2031,29",107.0,98.0
990,"158,2031,30",16.0,15.0
991,"158,2031,30,598",11.0,10.0
992,"158,2031,305,69",4.0,4.0
993,"158,2031,308,309",22.0,22.0
994,"158,2031,309",22.0,22.0
995,"158,2031,387",22.0,22.0
996,"158,2031,406",167.0,132.0
997,"158,2031,406,93",10.0,10.0
998,"158,2031,433",8.0,8.0
999,"158,2031,660,93",18.0,16.0
1000,"158,2031,86",184.0,172.0
1001,"158,2031,876,93",1.0,1.0
1002,"158,2031,93",54.0,51.0
1003,"158,2036",645.0,500.0
1004,"158,2036,2050,86",4.0,4.0
1005,"158,2036,258,666,91",11.0,9.0
1006,"158,2036,86",132.0,127.0
1007,"158,2036,91",105.0,91.0
1008,"158,2036,93",29.0,27.0
1009,"158,2115",10.0,9.0
1010,"158,2115,93",1.0,1.0
1011,"158,26",72.0,60.0
1012,"158,277",3.0,3.0
1013,"158,30",36.0,31.0
1014,"158,93",132.0,118.0
1015,159,560.0,368.0
1016,"159,160",60.0,48.0
1017,"159,160,406,86",6.0,5.0
1018,"159,165,2031,433",1.0,1.0
1019,"159,165,26,27,29,86",2.0,1.0
1020,"159,20",99.0,83.0
1021,"159,20,2031,2050",11.0,11.0
1022,"159,20,2031,433",1.0,1.0
1023,"159,20,25",25.0,21.0
1024,"159,2020,29",11.0,10.0
1025,"159,2031",292.0,208.0
1026,"159,2031,2096",7.0,7.0
1027,"159,2031,25",16.0,16.0
1028,"159,2031,30",17.0,16.0
1029,"159,2031,30,86",8.0,8.0
1030,"159,2031,406",43.0,39.0
1031,"159,2031,406,433",1.0,1.0
1032,"159,2031,406,598",30.0,29.0
1033,"159,2031,406,86",16.0,16.0
1034,"159,2031,580",57.0,47.0
1035,"159,2031,857",22.0,22.0
1036,"159,2031,86",54.0,53.0
1037,"159,2031,91",6.0,6.0
1038,"159,2031,93",9.0,9.0
1039,"159,2050",36.0,32.0
1040,"159,2050,305",1.0,1.0
1041,"159,2067,2099",2.0,2.0
1042,"159,26",23.0,18.0
1043,"159,30,86",9.0,9.0
1044,"159,315,86",3.0,2.0
1045,"159,61",25.0,24.0
1046,"159,86,87,93",1.0,1.0
1047,16,873.0,134.0
1048,"16,160",75.0,32.0
1049,"16,1625",873.0,134.0
1050,"16,1909,392",15.0,13.0
1051,"16,2050,86",1.0,1.0
1052,"16,2067",873.0,134.0
1053,"16,2067,2099",873.0,134.0
1054,"16,392",62.0,26.0
1055,"16,567",97.0,53.0
1056,"16,568",19.0,13.0
1057,"16,93",2.0,2.0
1058,160,1442.0,530.0
1059,"160,165",94.0,81.0
1060,"160,165,2031",23.0,21.0
1061,"160,165,358",46.0,40.0
1062,"160,20",106.0,73.0
1063,"160,20,2031",37.0,32.0
1064,"160,20,2031,25",9.0,9.0
1065,"160,20,2036",13.0,13.0
1066,"160,20,392",6.0,3.0
1067,"160,2031",347.0,204.0
1068,"160,2031,2050,392,86",1.0,1.0
1069,"160,2031,29",23.0,23.0
1070,"160,2031,308,309,93",2.0,2.0
1071,"160,2031,387,93",2.0,2.0
1072,"160,2031,433",1.0,1.0
1073,"160,2031,433,86",1.0,1.0
1074,"160,2031,580",30.0,26.0
1075,"160,2031,86",43.0,41.0
1076,"160,2031,93",11.0,11.0
1077,"160,2036,30",4.0,4.0
1078,"160,2050",29.0,24.0
1079,"160,2050,86",10.0,9.0
1080,"160,2067",75.0,32.0
1081,"160,277",23.0,12.0
1082,"160,29,91",8.0,7.0
1083,"160,30",19.0,15.0
1084,"160,387,93",5.0,5.0
1085,"160,392",62.0,38.0
1086,"160,392,508",2.0,1.0
1087,"160,433",4.0,3.0
1088,"160,769",31.0,26.0
1089,"160,836",30.0,26.0
1090,"160,86",112.0,95.0
1091,"160,93",24.0,22.0
1092,165,3545.0,1850.0
1093,"165,20",377.0,314.0
1094,"165,20,2087",175.0,155.0
1095,"165,20,30",8.0,7.0
1096,"165,20,358",175.0,155.0
1097,"165,2031",238.0,209.0
1098,"165,2031,26",8.0,8.0
1099,"165,2031,29",24.0,24.0
1100,"165,2031,358",126.0,116.0
1101,"165,2031,358,93",13.0,13.0
1102,"165,2031,387",12.0,12.0
1103,"165,2031,526",24.0,23.0
1104,"165,2031,598",144.0,137.0
1105,"165,2031,93",18.0,18.0
1106,"165,2036",312.0,246.0
1107,"165,2049",878.0,712.0
1108,"165,2049,358",459.0,416.0
1109,"165,2087,358",2070.0,1184.0
1110,"165,277,836",2.0,2.0
1111,"165,29",226.0,199.0
1112,"165,29,93",12.0,11.0
1113,"165,30,433",2.0,2.0
1114,"165,312,526",1.0,1.0
1115,"165,358",2070.0,1184.0
1116,"165,387,93",51.0,49.0
1117,"165,526",317.0,196.0
1118,"165,526,93",18.0,16.0
1119,"165,55",230.0,195.0
1120,"165,91,93",11.0,11.0
1121,"165,93",114.0,105.0
1122,"165,939",3545.0,1850.0
1123,"167,20,25",70.0,51.0
1124,"167,20,268,29",14.0,14.0
1125,"167,2036",114.0,99.0
1126,"167,29",479.0,359.0
1127,1821,6922.0,3431.0
1128,"1821,2062,93",30.0,30.0
1129,"1821,91",1224.0,729.0
1130,"1827,26",61.0,53.0
1131,"1830,2068,568",284.0,64.0
1132,1849,1.0,1.0
1133,"185,20",69.0,27.0
1134,1855,3467.0,1539.0
1135,"1855,20,31",22.0,19.0
1136,"1855,29,433",1.0,1.0
1137,"1855,29,93",11.0,10.0
1138,"1855,91",627.0,333.0
1139,"188,20,2031",9.0,8.0
1140,"188,2031",23.0,19.0
1141,"188,2031,93",4.0,4.0
1142,"188,93",9.0,8.0
1143,19,645.0,184.0
1144,"19,20",83.0,57.0
1145,"19,2031",79.0,53.0
1146,"19,2031,30,86",22.0,22.0
1147,"19,26,30,305",1.0,1.0
1148,"19,26,61",7.0,7.0
1149,"19,30",645.0,184.0
1150,"19,30,55,86",11.0,9.0
1151,"19,30,93",5.0,4.0
1152,"19,61,86,87",3.0,3.0
1153,"19,86",103.0,70.0
1154,1938,509.0,71.0
1155,"1938,2036",10.0,7.0
1156,"1938,2067,2099",2.0,2.0
1157,"1938,2114",509.0,71.0
1158,"1938,93",10.0,10.0
1159,1939,793.0,104.0
1160,"1939,20,2094",6.0,6.0
1161,"1939,2115",793.0,104.0
1162,"1939,2115,386",793.0,104.0
1163,"1939,386",793.0,104.0
1164,1943,43.0,22.0
1165,"1943,1946,69",14.0,12.0
1166,"1943,20",2.0,1.0
1167,"1946,91",88.0,73.0
1168,"1955,91",239.0,135.0
1169,1968,1480.0,758.0
1170,20,9808.0,2725.0
1171,"20,2031",439.0,315.0
1172,"20,2031,2036",33.0,31.0
1173,"20,2031,2096",21.0,20.0
1174,"20,2031,2115",4.0,4.0
1175,"20,2031,25",105.0,85.0
1176,"20,2031,25,433",3.0,3.0
1177,"20,2031,25,93",3.0,3.0
1178,"20,2031,26",21.0,20.0
1179,"20,2031,27",10.0,8.0
1180,"20,2031,27,91",2.0,2.0
1181,"20,2031,29",84.0,76.0
1182,"20,2031,29,433",3.0,3.0
1183,"20,2031,29,93",3.0,3.0
1184,"20,2031,30",18.0,16.0
1185,"20,2031,304",21.0,21.0
1186,"20,2031,31",37.0,36.0
1187,"20,2031,387,93",2.0,2.0
1188,"20,2031,433",4.0,4.0
1189,"20,2031,55",102.0,95.0
1190,"20,2031,86",112.0,104.0
1191,"20,2031,93",7.0,7.0
1192,"20,2036",270.0,193.0
1193,"20,2036,29",66.0,60.0
1194,"20,2036,433",1.0,1.0
1195,"20,2036,720",18.0,18.0
1196,"20,2036,93",8.0,7.0
1197,"20,2050",1525.0,557.0
1198,"20,2050,25",1525.0,557.0
1199,"20,2050,25,31",235.0,137.0
1200,"20,2050,25,86",326.0,236.0
1201,"20,2050,268",70.0,51.0
1202,"20,2050,433",9.0,8.0
1203,"20,2050,836",110.0,97.0
1204,"20,2067,568",2.0,1.0
1205,"20,2087",175.0,155.0
1206,"20,2087,526",16.0,14.0
1207,"20,2091",1020.0,501.0
1208,"20,2091,720",126.0,110.0
1209,"20,2094",1020.0,501.0
1210,"20,2094,29",87.0,79.0
1211,"20,2094,433",15.0,13.0
1212,"20,2096",185.0,114.0
1213,"20,2096,27",18.0,14.0
1214,"20,2096,433",4.0,3.0
1215,"20,2096,86",60.0,49.0
1216,"20,2097",47.0,29.0
1217,"20,2115,93",1.0,1.0
1218,"20,22,836",60.0,55.0
1219,"20,221",78.0,53.0
1220,"20,221,69",3.0,2.0
1221,"20,223,226",34.0,24.0
1222,"20,223,226,268",24.0,20.0
1223,"20,223,268",95.0,64.0
1224,"20,223,268,433",2.0,2.0
1225,"20,223,86",76.0,56.0
1226,"20,226",141.0,70.0
1227,"20,226,268",107.0,64.0
1228,"20,25",1525.0,557.0
1229,"20,25,305",13.0,12.0
1230,"20,25,31,55",54.0,39.0
1231,"20,25,433",9.0,8.0
1232,"20,25,60",1.0,0.0
1233,"20,25,93",9.0,9.0
1234,"20,26",185.0,114.0
1235,"20,26,27",18.0,14.0
1236,"20,26,29",43.0,38.0
1237,"20,26,836",22.0,21.0
1238,"20,268",1370.0,466.0
1239,"20,268,27",75.0,48.0
1240,"20,268,29",60.0,50.0
1241,"20,268,29,433",1.0,1.0
1242,"20,268,433",7.0,7.0
1243,"20,268,862",2.0,2.0
1244,"20,268,91",33.0,29.0
1245,"20,268,93",1.0,1.0
1246,"20,27",428.0,220.0
1247,"20,27,29,91",12.0,10.0
1248,"20,27,55",58.0,47.0
1249,"20,27,93",1.0,1.0
1250,"20,29",825.0,545.0
1251,"20,29,433",11.0,10.0
1252,"20,29,61",42.0,39.0
1253,"20,29,720",83.0,75.0
1254,"20,29,93",10.0,9.0
1255,"20,30",83.0,57.0
1256,"20,30,305",2.0,2.0
1257,"20,30,433",1.0,1.0
1258,"20,304",167.0,104.0
1259,"20,305",68.0,59.0
1260,"20,31",673.0,331.0
1261,"20,31,433",8.0,7.0
1262,"20,31,55,61",21.0,19.0
1263,"20,31,61",35.0,27.0
1264,"20,31,86",231.0,165.0
1265,"20,31,862",1.0,1.0
1266,"20,358",207.0,178.0
1267,"20,387",15.0,15.0
1268,"20,406",62.0,55.0
1269,"20,433",50.0,41.0
1270,"20,433,55,61",9.0,9.0
1271,"20,433,61",11.0,11.0
1272,"20,433,69,86",2.0,1.0
1273,"20,433,836",35.0,32.0
1274,"20,433,86",33.0,31.0
1275,"20,55,61",147.0,111.0
1276,"20,55,836",215.0,180.0
1277,"20,55,86",428.0,327.0
1278,"20,558,559",92.0,69.0
1279,"20,61",247.0,167.0
1280,"20,710",9808.0,2725.0
1281,"20,720",615.0,433.0
1282,"20,836",615.0,433.0
1283,"20,86",2921.0,1298.0
1284,"20,91",320.0,195.0
1285,"20,93",33.0,29.0
1286,"2020,29",637.0,427.0
1287,"2020,29,433",1.0,1.0
1288,"2020,29,433,61",1.0,1.0
1289,"2020,433",2.0,2.0
1290,2031,4251.0,1676.0
1291,"2031,2036",321.0,231.0
1292,"2031,2036,29",35.0,34.0
1293,"2031,2036,30,55",1.0,1.0
1294,"2031,2036,387",9.0,8.0
1295,"2031,2036,86",42.0,39.0
1296,"2031,2036,91",19.0,16.0
1297,"2031,2036,93",17.0,17.0
1298,"2031,2050",131.0,105.0
1299,"2031,2050,433",3.0,3.0
1300,"2031,2050,55",34.0,30.0
1301,"2031,2050,55,86",19.0,18.0
1302,"2031,2050,86",42.0,40.0
1303,"2031,2062",65.0,54.0
1304,"2031,2062,91",54.0,46.0
1305,"2031,2087",126.0,116.0
1306,"2031,2087,406",10.0,10.0
1307,"2031,2087,433",1.0,1.0
1308,"2031,2094",23.0,21.0
1309,"2031,2096,93",1.0,1.0
1310,"2031,2101",147.0,122.0
1311,"2031,2101,93",28.0,26.0
1312,"2031,2115,31",1.0,1.0
1313,"2031,25",131.0,105.0
1314,"2031,25,433",3.0,3.0
1315,"2031,25,720",22.0,22.0
1316,"2031,26",75.0,52.0
1317,"2031,27,93",1.0,1.0
1318,"2031,29",374.0,240.0
1319,"2031,29,433",3.0,3.0
1320,"2031,29,91",20.0,19.0
1321,"2031,29,93",9.0,9.0
1322,"2031,30",79.0,53.0
1323,"2031,30,433",1.0,1.0
1324,"2031,30,433,598",1.0,1.0
1325,"2031,30,86",22.0,22.0
1326,"2031,30,93",2.0,1.0
1327,"2031,308,309",38.0,36.0
1328,"2031,308,309,598",29.0,29.0
1329,"2031,308,309,93",29.0,29.0
1330,"2031,308,598",29.0,29.0
1331,"2031,309,598",29.0,29.0
1332,"2031,315",5.0,4.0
1333,"2031,358",150.0,134.0
1334,"2031,387",38.0,36.0
1335,"2031,387,93",29.0,29.0
1336,"2031,392",79.0,63.0
1337,"2031,400",93.0,75.0
1338,"2031,406",292.0,188.0
1339,"2031,406,93",13.0,12.0
1340,"2031,433",9.0,9.0
1341,"2031,433,86",6.0,6.0
1342,"2031,508",10.0,9.0
1343,"2031,526",49.0,41.0
1344,"2031,589",292.0,237.0
1345,"2031,61",95.0,78.0
1346,"2031,64",6.0,5.0
1347,"2031,660",574.0,392.0
1348,"2031,666,69",3.0,3.0
1349,"2031,666,91,93",2.0,2.0
1350,"2031,857",131.0,121.0
1351,"2031,86",363.0,320.0
1352,"2031,86,93",17.0,17.0
1353,"2031,876",65.0,54.0
1354,"2031,876,91",54.0,46.0
1355,"2031,91",124.0,90.0
1356,"2031,93",105.0,96.0
1357,2036,3467.0,1539.0
1358,"2036,2050",52.0,43.0
1359,"2036,2050,387,86",2.0,2.0
1360,"2036,2050,720,86",2.0,2.0
1361,"2036,2062,433",1.0,1.0
1362,"2036,2062,69",38.0,35.0
1363,"2036,29",861.0,404.0
1364,"2036,29,433",1.0,1.0
1365,"2036,29,91",53.0,47.0
1366,"2036,30",22.0,18.0
1367,"2036,30,86",6.0,5.0
1368,"2036,308,93",33.0,31.0
1369,"2036,666",280.0,205.0
1370,"2036,69,91",47.0,40.0
1371,"2036,91",627.0,333.0
1372,"2036,91,93",18.0,17.0
1373,"2036,93",88.0,78.0
1374,"2049,2087,433",3.0,2.0
1375,"2049,26",29.0,26.0
1376,"2049,387,93",22.0,22.0
1377,"2049,433",6.0,5.0
1378,"2049,526",92.0,76.0
1379,2050,1864.0,682.0
1380,"2050,25",1864.0,682.0
1381,"2050,26",30.0,21.0
1382,"2050,29,93",3.0,3.0
1383,"2050,304",38.0,26.0
1384,"2050,31",279.0,156.0
1385,"2050,31,55",60.0,43.0
1386,"2050,433",11.0,10.0
1387,"2050,60",1.0,0.0
1388,"2050,720,86",56.0,56.0
1389,"2050,86",403.0,283.0
1390,"2050,86,93",8.0,8.0
1391,"2050,93",22.0,22.0
1392,2061,6922.0,3431.0
1393,"2061,27",224.0,163.0
1394,"2061,29",1156.0,843.0
1395,"2061,666,91",633.0,452.0
1396,2062,1480.0,758.0
1397,"2062,305",46.0,41.0
1398,"2062,433",4.0,3.0
1399,"2062,91",1278.0,677.0
1400,"2062,93",44.0,44.0
1401,2067,873.0,134.0
1402,"2067,2099",873.0,134.0
1403,"2067,2099,720",11.0,9.0
1404,"2067,392",62.0,26.0
1405,"2067,568",19.0,13.0
1406,2068,1971.0,420.0
1407,"2068,29",525.0,236.0
1408,2084,1164.0,388.0
1409,2087,2070.0,1184.0
1410,"2087,2096",32.0,27.0
1411,"2087,304,433",1.0,1.0
1412,"2087,433,55",1.0,1.0
1413,"2087,526",128.0,109.0
1414,"2087,526,93",7.0,7.0
1415,2091,1416.0,662.0
1416,"2091,2094",1416.0,662.0
1417,"2091,2094,268",285.0,209.0
1418,"2091,2097",49.0,30.0
1419,"2091,26",18.0,17.0
1420,2094,1416.0,662.0
1421,"2094,268",285.0,209.0
1422,2096,752.0,330.0
1423,"2096,26",752.0,330.0
1424,"2096,26,30",17.0,14.0
1425,"2096,30",17.0,14.0
1426,"2096,433",8.0,7.0
1427,"2096,433,55",5.0,5.0
1428,"2096,64",12.0,10.0
1429,"2096,836",61.0,53.0
1430,2101,170.0,139.0
1431,2114,509.0,71.0
1432,2115,793.0,104.0
1433,"2115,29",87.0,37.0
1434,"2115,386",793.0,104.0
1435,"2115,769",21.0,17.0
1436,"2115,93",4.0,4.0
1437,221,117.0,68.0
1438,"226,268,433",1.0,1.0
1439,234,1656.0,1026.0
1440,25,1864.0,682.0
1441,"25,86",403.0,283.0
1442,"258,29,836",74.0,69.0
1443,"258,30,86",42.0,38.0
1444,"258,598,91",180.0,141.0
1445,"258,93",109.0,103.0
1446,26,752.0,330.0
1447,"26,27",44.0,30.0
1448,"26,277,29",2.0,2.0
1449,"26,29",127.0,88.0
1450,"26,29,433",3.0,2.0
1451,"26,29,64",2.0,2.0
1452,"26,30,305",1.0,1.0
1453,"26,30,433",2.0,2.0
1454,"26,304",26.0,23.0
1455,"26,305",28.0,23.0
1456,"26,392,86",5.0,4.0
1457,"26,433",8.0,7.0
1458,"26,433,55",5.0,5.0
1459,"26,433,55,61",3.0,3.0
1460,"26,433,86",6.0,5.0
1461,"26,55",185.0,125.0
1462,"26,55,720",32.0,31.0
1463,"26,55,86",59.0,50.0
1464,"26,61",76.0,50.0
1465,"26,69",8.0,7.0
1466,"26,86",178.0,131.0
1467,"26,86,87",22.0,19.0
1468,268,1620.0,537.0
1469,"268,29,433,86",1.0,1.0
1470,"268,433",7.0,7.0
1471,"268,69",23.0,22.0
1472,"268,710",1370.0,466.0
1473,"268,93",1.0,1.0
1474,27,1125.0,435.0
1475,"27,29",193.0,142.0
1476,"27,29,433,86",2.0,1.0
1477,"27,29,93",1.0,1.0
1478,"27,304,64",3.0,2.0
1479,"27,55,61",10.0,9.0
1480,"27,64",16.0,7.0
1481,"27,813",1125.0,435.0
1482,"27,86,87",9.0,7.0
1483,"27,91",139.0,85.0
1484,277,284.0,64.0
1485,"277,29",81.0,39.0
1486,"277,29,400",2.0,1.0
1487,"277,29,448",81.0,39.0
1488,"277,568",284.0,64.0
1489,29,5048.0,2068.0
1490,"29,30,433",1.0,1.0
1491,"29,305",228.0,171.0
1492,"29,358,55",10.0,10.0
1493,"29,392",180.0,114.0
1494,"29,400",1156.0,583.0
1495,"29,400,433",4.0,3.0
1496,"29,433",16.0,13.0
1497,"29,55,61",68.0,62.0
1498,"29,567",525.0,236.0
1499,"29,568",81.0,39.0
1500,"29,568,97",81.0,39.0
1501,"29,60",1.0,0.0
1502,"29,61",159.0,126.0
1503,"29,666",92.0,81.0
1504,"29,710",825.0,545.0
1505,"29,86",1156.0,843.0
1506,"29,91",269.0,185.0
1507,"29,93",46.0,44.0
1508,"29,97",525.0,236.0
1509,30,645.0,184.0
1510,"30,433",3.0,3.0
1511,"30,433,86",2.0,2.0
1512,"30,720,86",13.0,12.0
1513,"30,720,86,93",1.0,1.0
1514,"30,836",37.0,27.0
1515,"30,86",103.0,70.0
1516,"30,86,87",24.0,20.0
1517,"30,86,93",2.0,2.0
1518,"30,93",5.0,4.0
1519,304,515.0,298.0
1520,"304,55,64",3.0,3.0
1521,"304,64",13.0,8.0
1522,308,178.0,158.0
1523,"308,309,93",141.0,128.0
1524,315,56.0,21.0
1525,358,2342.0,1297.0
1526,"358,433",3.0,2.0
1527,"359,61",93.0,73.0
1528,"359,836",165.0,125.0
1529,387,178.0,158.0
1530,"387,93",141.0,128.0
1531,392,1513.0,446.0
1532,"392,433",2.0,1.0
1533,"392,857",52.0,43.0
1534,"406,598,93",25.0,24.0
1535,433,148.0,80.0
1536,"433,49",148.0,80.0
1537,"433,55",45.0,39.0
1538,"433,60",2.0,1.0
1539,"433,61",27.0,21.0
1540,"433,69",13.0,9.0
1541,"433,720",79.0,51.0
1542,"433,86",52.0,46.0
1543,"433,91",4.0,4.0
1544,497,8.0,5.0
1545,508,124.0,88.0
1546,"508,93",5.0,5.0
1547,526,533.0,299.0
1548,55,2728.0,1628.0
1549,"55,61",389.0,265.0
1550,"55,61,69",25.0,19.0
1551,"55,836",491.0,371.0
1552,567,1971.0,420.0
1553,"567,568",284.0,64.0
1554,"567,568,97",284.0,64.0
1555,568,284.0,64.0
1556,"568,97",284.0,64.0
1557,598,6582.0,3551.0
1558,60,9.0,5.0
1559,61,714.0,443.0
1560,"61,720",216.0,162.0
1561,"61,836",216.0,162.0
1562,64,64.0,29.0
1563,666,1480.0,758.0
1564,"666,91",1278.0,677.0
1565,"666,93",44.0,44.0
1566,"686,769",47.0,38.0
1567,69,369.0,223.0
1568,"69,86,91",88.0,73.0
1569,"69,876",105.0,84.0
1570,"69,876,91",96.0,78.0
1571,710,9808.0,2725.0
1572,720,1656.0,1026.0
1573,769,1060.0,756.0
1574,836,1656.0,1026.0
1575,86,6922.0,3431.0
1576,"86,93",124.0,118.0
1577,876,1480.0,758.0
1578,"876,91",1278.0,677.0
1579,91,4315.0,1287.0
1580,93,436.0,361.0
1581,97,1971.0,420.0
