,nice_have_skill_ids,n_devs_nice_have_self,elite_devs_nice_have_self
0,"101,264,328,331",3.0,2.0
1,"1012,113",85.0,49.0
2,"1012,120,159,406,433",1.0,1.0
3,"1012,2132",23.0,12.0
4,1013,1698.0,648.0
5,"1013,1059,158",54.0,31.0
6,"1013,1059,1615,2031,318",1.0,1.0
7,"1013,111",299.0,156.0
8,"1013,111,171,1727",6.0,3.0
9,"1013,111,232,258,86",36.0,21.0
10,"1013,111,73",109.0,62.0
11,"1013,113,114,159,580,86",14.0,10.0
12,"1013,113,116",534.0,234.0
13,"1013,114,14,232,287",23.0,9.0
14,"1013,114,159,2132",9.0,6.0
15,"1013,116,158,159,93",143.0,76.0
16,"1013,120,158,159,55",128.0,61.0
17,"1013,120,171,232,433",116.0,55.0
18,"1013,132",291.0,121.0
19,"1013,1403,158,159,20",16.0,11.0
20,"1013,1403,159,304",6.0,3.0
21,"1013,158,20,321,660",5.0,3.0
22,"1013,158,282",219.0,118.0
23,"1013,158,433",572.0,277.0
24,"1013,159,20,232,660,857",2.0,0.0
25,"1013,159,2127,232,85,86",2.0,0.0
26,"1013,160",300.0,126.0
27,"1013,160,55",148.0,62.0
28,"1013,171,55,798",48.0,20.0
29,"1013,171,798",65.0,30.0
30,"1013,1821,20,232,76",9.0,5.0
31,"1013,2,305,76,944",1.0,1.0
32,"1013,20",1113.0,419.0
33,"1013,20,232,86",190.0,84.0
34,"1013,20,251,29,86",9.0,3.0
35,"1013,20,433",1020.0,396.0
36,"1013,20,857",49.0,27.0
37,"1013,2031,55",484.0,190.0
38,"1013,2096,29",114.0,52.0
39,"1013,2100,60",9.0,5.0
40,"1013,232",533.0,226.0
41,"1013,232,433",495.0,214.0
42,"1013,232,63",211.0,96.0
43,"1013,232,76,857",9.0,4.0
44,"1013,234",94.0,35.0
45,"1013,25",423.0,157.0
46,"1013,258,63",331.0,139.0
47,"1013,284",463.0,201.0
48,"1013,287",211.0,91.0
49,"1013,318,406",53.0,26.0
50,"1013,359,484,61,62,83",1.0,0.0
51,"1013,433",1524.0,600.0
52,"1013,55",880.0,333.0
53,"1013,55,61",383.0,149.0
54,"1013,55,62,63,73,80,836",7.0,3.0
55,"1013,61,67",109.0,41.0
56,"1013,798",93.0,46.0
57,"1013,80",242.0,92.0
58,"1013,857",84.0,45.0
59,"102,107,158,387,93",97.0,40.0
60,"102,111",306.0,67.0
61,"102,132,328,63",8.0,1.0
62,"102,2100,470",31.0,7.0
63,"102,258,73,97",85.0,14.0
64,1025,399.0,165.0
65,"1025,1389",71.0,33.0
66,"1025,165",308.0,147.0
67,1039,58.0,20.0
68,"1039,104,316,55",1.0,1.0
69,"1039,120,20",24.0,10.0
70,"1039,315,316",1.0,0.0
71,"104,105,159,433",2.0,1.0
72,"104,114,168,20,222,223,224,226,287,29",1.0,0.0
73,"104,114,20,26,287,29,93",4.0,1.0
74,"104,121,26,27,29,64",1.0,1.0
75,"104,122,2031,221",13.0,7.0
76,"104,158,19,60",3.0,3.0
77,"104,158,2031,29,433",51.0,23.0
78,"104,168,221",210.0,80.0
79,"104,168,249,720",5.0,5.0
80,"104,1688,2020,221,277",2.0,1.0
81,"104,171,20,433,55",57.0,23.0
82,"104,192,221",204.0,95.0
83,"104,20,29",414.0,165.0
84,"104,20,433",359.0,146.0
85,"104,2020,221,31,824",1.0,1.0
86,"104,2031,232,55,61,86,87",6.0,3.0
87,"104,2031,29",198.0,80.0
88,"104,2062",29.0,14.0
89,"104,2096,69",17.0,10.0
90,"104,26,29",45.0,25.0
91,"104,26,305,433,55,61,91",5.0,4.0
92,"104,26,55,61,63,80,91",1.0,1.0
93,"104,27,29",178.0,63.0
94,"104,27,29,30",8.0,6.0
95,"104,277",67.0,24.0
96,"104,29,67",220.0,92.0
97,"104,433",449.0,177.0
98,"104,433,61",163.0,68.0
99,"104,61,67,80",35.0,18.0
100,"104,65",184.0,72.0
101,"104,91",170.0,70.0
102,"1046,20,359",5.0,4.0
103,105,1877.0,440.0
104,"105,107,114",278.0,110.0
105,"105,108,120,122,406",18.0,9.0
106,"105,108,160",310.0,115.0
107,"105,108,29",773.0,221.0
108,"105,111",295.0,78.0
109,"105,114,20,268,433,73",32.0,17.0
110,"105,120,17,86",29.0,9.0
111,"105,131,158,277,87",4.0,2.0
112,"105,132,2099,63",34.0,4.0
113,"105,1561,69",27.0,10.0
114,"105,157",616.0,108.0
115,"105,157,359,91",13.0,4.0
116,"105,160",450.0,147.0
117,"105,160,93",315.0,116.0
118,"105,17,2099",87.0,9.0
119,"105,277",511.0,137.0
120,"105,567",342.0,133.0
121,1057,1311.0,379.0
122,"1057,116,132,160,20,268",18.0,9.0
123,"1057,116,132,20,2031,268",32.0,15.0
124,"1057,132,160,20,268,677",1.0,1.0
125,"1057,258,268,433,55,61,70,87",6.0,2.0
126,"1057,268",910.0,256.0
127,1059,2294.0,774.0
128,"1059,107,183,387,93",35.0,23.0
129,"1059,1123",71.0,27.0
130,"1059,114",1598.0,570.0
131,"1059,114,1250,258",92.0,46.0
132,"1059,1163,158,475",6.0,6.0
133,"1059,120",811.0,386.0
134,"1059,1300,1968,347,54,63",3.0,2.0
135,"1059,159",148.0,81.0
136,"1059,1987",454.0,188.0
137,"1059,2031",934.0,401.0
138,"1059,30,93",49.0,23.0
139,"1059,392",157.0,64.0
140,"1059,614",51.0,23.0
141,107,13842.0,4272.0
142,"107,108,16,284,387",76.0,37.0
143,"107,108,387",2286.0,828.0
144,"107,111,114,165,2031,387",221.0,136.0
145,"107,111,114,174,387,433,63,85",1.0,0.0
146,"107,111,114,287,308,93",64.0,34.0
147,"107,111,2031",1083.0,553.0
148,"107,1123,1938,353,387,437,93",9.0,3.0
149,"107,113,116,120,265,284",158.0,71.0
150,"107,113,1367,25,387,93",253.0,97.0
151,"107,113,359,387,55,63",302.0,133.0
152,"107,113,387,93",5505.0,2057.0
153,"107,114,116,1397,287,308",41.0,21.0
154,"107,114,122,2031,264,287,387",14.0,10.0
155,"107,114,131",508.0,196.0
156,"107,114,158",2015.0,821.0
157,"107,114,264,308,93",480.0,206.0
158,"107,114,387",5504.0,1879.0
159,"107,115,121,20,31,86,93",17.0,7.0
160,"107,116,120,2036,437,86",244.0,127.0
161,"107,116,347,387",869.0,373.0
162,"107,1163",134.0,62.0
163,"107,1163,387",106.0,47.0
164,"107,120,14,159",235.0,123.0
165,"107,120,145,387,67,87,93",12.0,8.0
166,"107,120,158",3372.0,1400.0
167,"107,120,160,25,282,30,308,331,358",3.0,3.0
168,"107,120,308,93",2032.0,904.0
169,"107,120,387",5258.0,2052.0
170,"107,120,433,594",246.0,143.0
171,"107,120,433,86",1068.0,492.0
172,"107,120,54",1048.0,505.0
173,"107,121,158,258,387",1171.0,485.0
174,"107,122",2528.0,1149.0
175,"107,122,1397,2031,387",373.0,197.0
176,"107,1234,258,359,387,433,55,93",44.0,19.0
177,"107,131,3,305,387",3.0,1.0
178,"107,140,387,55,61,63",10.0,7.0
179,"107,1561,387",364.0,144.0
180,"107,158",4737.0,1775.0
181,"107,158,160",1271.0,495.0
182,"107,158,20,387",1502.0,615.0
183,"107,158,387",3893.0,1476.0
184,"107,158,508,967",62.0,37.0
185,"107,159,19,406",33.0,17.0
186,"107,159,2036,29,387,60",29.0,22.0
187,"107,159,304,387",104.0,60.0
188,"107,159,387",1191.0,531.0
189,"107,159,406,950",41.0,23.0
190,"107,166,179,26,387,93",1.0,0.0
191,"107,1710",288.0,158.0
192,"107,1756,20,29,387,93",9.0,1.0
193,"107,183,387,93",395.0,189.0
194,"107,19,308",219.0,84.0
195,"107,1943,2061,387",33.0,17.0
196,"107,2,387",793.0,242.0
197,"107,20,25,387",2278.0,720.0
198,"107,20,387",5264.0,1630.0
199,"107,2031,2036,387",2063.0,871.0
200,"107,2031,387",6538.0,2272.0
201,"107,2031,387,87,93",920.0,395.0
202,"107,2031,387,93",6025.0,2135.0
203,"107,2031,93",7220.0,2538.0
204,"107,2036,387",3664.0,1367.0
205,"107,2117,387,93",247.0,99.0
206,"107,268,387,63,93",230.0,102.0
207,"107,278,387,86",245.0,100.0
208,"107,282",2005.0,919.0
209,"107,284,387",4628.0,1693.0
210,"107,287,387",667.0,247.0
211,"107,29,387",4852.0,1529.0
212,"107,30,387,437,602",18.0,8.0
213,"107,308",4163.0,1558.0
214,"107,308,311,314",42.0,18.0
215,"107,308,93",3871.0,1482.0
216,"107,314",323.0,143.0
217,"107,318,387",1990.0,808.0
218,"107,358,387,433,54,93",242.0,140.0
219,"107,387",11545.0,3583.0
220,"107,387,433",3692.0,1392.0
221,"107,387,437,86,87",341.0,148.0
222,"107,387,526",1624.0,649.0
223,"107,387,594",728.0,304.0
224,"107,387,660",222.0,98.0
225,"107,387,70",276.0,142.0
226,"107,387,93",10156.0,3307.0
227,"107,433,497",145.0,63.0
228,"107,437",5208.0,1764.0
229,108,7078.0,2031.0
230,"108,113,157,16,17,264,265,29,470,639,802,97",1.0,1.0
231,"108,121,132,16,314",2.0,2.0
232,"108,1235,2067",3.0,2.0
233,"108,1561",613.0,194.0
234,"108,158",1736.0,746.0
235,"108,158,16,346,485,93",4.0,2.0
236,"108,159,16",87.0,35.0
237,"108,16",690.0,189.0
238,"108,16,160,1710",1.0,1.0
239,"108,16,160,20",72.0,30.0
240,"108,16,2031,34",18.0,7.0
241,"108,16,2109,433,54",1.0,1.0
242,"108,16,268,30,392",2.0,1.0
243,"108,16,29",444.0,138.0
244,"108,16,364,433,437,526",5.0,3.0
245,"108,160",1668.0,582.0
246,"108,160,1615,2031,287,488,55",1.0,0.0
247,"108,1625,2067,89",5.0,2.0
248,"108,2031",3153.0,1174.0
249,"108,2067",746.0,192.0
250,"108,2094,54",45.0,17.0
251,"108,33",1177.0,355.0
252,"108,64",87.0,40.0
253,"108,93",4159.0,1478.0
254,109,6732.0,2016.0
255,"109,120,20,26,433,69",10.0,5.0
256,"109,165,20",735.0,324.0
257,"109,332",116.0,53.0
258,"109,70,93",109.0,65.0
259,"1092,29,433",463.0,200.0
260,"1092,433,67,69,922",7.0,4.0
261,111,4285.0,1760.0
262,"111,1127,113,116,2032,433",17.0,7.0
263,"111,1127,1157,341",54.0,32.0
264,"111,1127,341,433",93.0,45.0
265,"111,113,120",1037.0,558.0
266,"111,113,433",1098.0,555.0
267,"111,113,67",252.0,121.0
268,"111,114",2235.0,1002.0
269,"111,114,121,317,342",3.0,2.0
270,"111,114,1324,287,29",4.0,0.0
271,"111,114,159,19,2096,73",1.0,1.0
272,"111,114,308,309",349.0,202.0
273,"111,114,347,901",115.0,62.0
274,"111,114,433",907.0,459.0
275,"111,114,433,86",449.0,218.0
276,"111,116,131,76,87",16.0,9.0
277,"111,116,132",327.0,175.0
278,"111,116,143,87",30.0,14.0
279,"111,116,25,31",169.0,68.0
280,"111,116,86",675.0,343.0
281,"111,1163,120,258,304",16.0,12.0
282,"111,1196,2126",20.0,8.0
283,"111,120",1709.0,879.0
284,"111,120,158,86",409.0,231.0
285,"111,120,159,1938,433",7.0,5.0
286,"111,120,1615,282,55,93",11.0,8.0
287,"111,120,433,485",103.0,70.0
288,"111,120,437",552.0,295.0
289,"111,121",783.0,408.0
290,"111,121,2031",753.0,398.0
291,"111,122",710.0,402.0
292,"111,1250,165,20,258,433,60,70,86",3.0,1.0
293,"111,131,1315,1756",3.0,0.0
294,"111,131,76,87",21.0,11.0
295,"111,1367,25,73,980",1.0,0.0
296,"111,14",883.0,361.0
297,"111,14,158",324.0,171.0
298,"111,14,2031,25,287,305,31,433,63,93",2.0,2.0
299,"111,1403,433",51.0,36.0
300,"111,158,160,2031,392,393",11.0,9.0
301,"111,158,258,63",306.0,177.0
302,"111,159",539.0,273.0
303,"111,159,188,20,61",6.0,4.0
304,"111,159,2031,433,61",60.0,36.0
305,"111,159,249",140.0,89.0
306,"111,159,30,61",11.0,6.0
307,"111,159,38,433,55,61",9.0,3.0
308,"111,159,393",15.0,5.0
309,"111,159,433,86",156.0,84.0
310,"111,1615,25,720",2.0,2.0
311,"111,166",532.0,268.0
312,"111,166,2031,336",2.0,1.0
313,"111,167",251.0,129.0
314,"111,1821,287,292",5.0,3.0
315,"111,1943,2061,258,341,876",6.0,4.0
316,"111,20",1818.0,761.0
317,"111,20,2031,61",190.0,105.0
318,"111,20,2092,433",42.0,22.0
319,"111,20,802",222.0,95.0
320,"111,2020,2031,2036,25",22.0,14.0
321,"111,2031",1932.0,917.0
322,"111,2031,30,495,54,76,93",1.0,0.0
323,"111,2031,336",3.0,2.0
324,"111,2087",429.0,261.0
325,"111,2109,602",25.0,18.0
326,"111,2116,433",33.0,19.0
327,"111,2133",3.0,2.0
328,"111,230",57.0,34.0
329,"111,232",211.0,113.0
330,"111,25,28,31,359,433,69,70",2.0,1.0
331,"111,25,67",76.0,32.0
332,"111,258",2427.0,1070.0
333,"111,258,63",754.0,369.0
334,"111,258,86",919.0,434.0
335,"111,26",203.0,91.0
336,"111,264",897.0,363.0
337,"111,264,29",489.0,198.0
338,"111,264,308",341.0,173.0
339,"111,268,287",80.0,33.0
340,"111,282,86",299.0,187.0
341,"111,287",369.0,173.0
342,"111,29",2146.0,891.0
343,"111,305",1138.0,552.0
344,"111,305,332",41.0,25.0
345,"111,305,55,63",325.0,185.0
346,"111,305,63",437.0,240.0
347,"111,308",1102.0,567.0
348,"111,31,62",32.0,15.0
349,"111,321,774",11.0,9.0
350,"111,353",126.0,54.0
351,"111,387",1896.0,890.0
352,"111,406",430.0,247.0
353,"111,433",1656.0,799.0
354,"111,433,55,67,69,922",15.0,8.0
355,"111,433,55,980",17.0,4.0
356,"111,55,61,70",58.0,32.0
357,"111,666",629.0,292.0
358,"111,69",644.0,290.0
359,"111,76",414.0,194.0
360,"111,802",596.0,253.0
361,"111,86,93",1069.0,508.0
362,"111,93",2946.0,1339.0
363,1114,147.0,64.0
364,"1114,131,183",5.0,3.0
365,"1114,132,332",13.0,7.0
366,"1114,165,86",15.0,4.0
367,"1114,20,433",20.0,11.0
368,"1114,2036,433,86",7.0,3.0
369,"1114,677",5.0,3.0
370,1123,915.0,249.0
371,"1123,113,116,1938,475",3.0,3.0
372,"1123,114,20",143.0,50.0
373,"1123,120,1938,2036",42.0,22.0
374,"1123,121,158,1938,311,614",6.0,4.0
375,"1123,122,2031,258,341,93",15.0,9.0
376,"1123,122,2031,258,93",57.0,31.0
377,"1123,132",261.0,76.0
378,"1123,1397,1938",38.0,19.0
379,"1123,1615,1938",9.0,3.0
380,"1123,1938",234.0,60.0
381,"1123,1938,20",58.0,17.0
382,"1123,1938,20,433",25.0,9.0
383,"1123,1938,308,93",63.0,20.0
384,"1123,1938,353",19.0,5.0
385,"1123,1938,387,594",16.0,6.0
386,"1123,1938,433",47.0,24.0
387,"1123,1938,497",9.0,1.0
388,"1123,1938,70",4.0,3.0
389,"1123,1938,73",58.0,21.0
390,"1123,196,305",2.0,2.0
391,"1123,2109,73",16.0,10.0
392,"1123,258",461.0,142.0
393,"1123,268,320",1.0,1.0
394,"1123,278,376",1.0,1.0
395,"1123,30,353",5.0,0.0
396,"1123,318",161.0,63.0
397,"1123,353",76.0,23.0
398,"1123,373",41.0,11.0
399,"1123,475",16.0,11.0
400,1125,27.0,11.0
401,"1127,113,1234,258,359,55,63",61.0,26.0
402,"1127,1160,20,258,268,29",2.0,2.0
403,"1127,21,22",25.0,8.0
404,"1127,258,341,433",319.0,115.0
405,"1127,433,70",63.0,31.0
406,113,14609.0,4807.0
407,"113,114",7167.0,2552.0
408,"113,114,159,433,55",249.0,124.0
409,"113,114,258,55,63",721.0,333.0
410,"113,116",5551.0,1998.0
411,"113,116,131,194,2091,222,223,224,226,268,31,70",1.0,0.0
412,"113,116,135,250,87",1.0,0.0
413,"113,116,158",2239.0,965.0
414,"113,116,1688,433,55",81.0,37.0
415,"113,116,2031,30,541",9.0,4.0
416,"113,116,394",76.0,31.0
417,"113,116,433,67",482.0,210.0
418,"113,116,467",147.0,50.0
419,"113,116,87,922",439.0,165.0
420,"113,119",59.0,19.0
421,"113,119,122,1397,165,2031,433",2.0,2.0
422,"113,119,433",38.0,12.0
423,"113,120",6226.0,2528.0
424,"113,120,158,159,20,2031,433,55,63,76,80,87",2.0,0.0
425,"113,120,1821,2031,287,433,55,61,86,91",7.0,4.0
426,"113,120,2020,287,389,433",41.0,18.0
427,"113,120,307,93",58.0,35.0
428,"113,120,60,836",32.0,16.0
429,"113,121,158,660",145.0,65.0
430,"113,121,159,2031,307,54",3.0,3.0
431,"113,121,20,31,602,70",1.0,1.0
432,"113,122,132,2031,2036,321,437",19.0,11.0
433,"113,122,165",1978.0,1018.0
434,"113,132,158,836",24.0,13.0
435,"113,135,2032,55,61,67,87",2.0,2.0
436,"113,158",3918.0,1613.0
437,"113,158,2031,2129,258,278,54,63,93",1.0,1.0
438,"113,159,2101,258,341,359,580",1.0,1.0
439,"113,159,539",168.0,81.0
440,"113,16,341,614,857",1.0,0.0
441,"113,160,346,485,76",5.0,4.0
442,"113,165",6663.0,2661.0
443,"113,166",1572.0,665.0
444,"113,166,20,2031,2036,26,55",7.0,4.0
445,"113,166,2087,63,69,70",2.0,2.0
446,"113,166,284,352,93",178.0,89.0
447,"113,171",1760.0,676.0
448,"113,20,25,258,70",103.0,50.0
449,"113,20,26",375.0,157.0
450,"113,2031,264,87",203.0,87.0
451,"113,2031,284,29,54,76,87",34.0,15.0
452,"113,2096,22,29,70,86",6.0,3.0
453,"113,2096,66,67,76",12.0,7.0
454,"113,226,287",41.0,18.0
455,"113,247,67,87",32.0,13.0
456,"113,25",3136.0,978.0
457,"113,25,30,70",11.0,5.0
458,"113,250",371.0,151.0
459,"113,282,433",997.0,515.0
460,"113,282,86",823.0,417.0
461,"113,284,29,54,76,87",57.0,24.0
462,"113,287",1096.0,428.0
463,"113,29,433,76,87",258.0,101.0
464,"113,30,433,86",298.0,109.0
465,"113,331",2005.0,778.0
466,"113,332,433,87",148.0,78.0
467,"113,341,433,614",73.0,31.0
468,"113,433",6006.0,2264.0
469,"113,433,55,61",1299.0,506.0
470,"113,433,61",1440.0,557.0
471,"113,539,86,93",711.0,317.0
472,"113,63",2850.0,1159.0
473,"113,76",1396.0,509.0
474,"113,86",4918.0,1790.0
475,"113,86,87",1511.0,595.0
476,"113,87",2905.0,1118.0
477,114,16794.0,4836.0
478,"114,116",4432.0,1584.0
479,"114,116,125,287,55,60,61",1.0,1.0
480,"114,116,1315",100.0,47.0
481,"114,116,2031,30,541",9.0,3.0
482,"114,116,2133",3.0,2.0
483,"114,116,287",767.0,287.0
484,"114,116,433,922",375.0,143.0
485,"114,120,159,20,287",93.0,41.0
486,"114,120,159,287,406,433,73",16.0,12.0
487,"114,120,20",3066.0,1175.0
488,"114,120,20,433",1566.0,678.0
489,"114,120,470",354.0,141.0
490,"114,120,70",273.0,146.0
491,"114,122",1902.0,847.0
492,"114,122,165",1018.0,522.0
493,"114,122,2031,2036,258,264,287",10.0,6.0
494,"114,1300,158,166,20,2031,2096,249,433",1.0,1.0
495,"114,1300,19,26",3.0,1.0
496,"114,1300,249,305,48,483",1.0,1.0
497,"114,1302,305,86",13.0,3.0
498,"114,131",829.0,289.0
499,"114,1318,165",144.0,81.0
500,"114,1397,20,2031,67",79.0,35.0
501,"114,1397,305,308,93",208.0,103.0
502,"114,14",2080.0,733.0
503,"114,14,63",662.0,262.0
504,"114,157,433,86,97",2.0,1.0
505,"114,158",3460.0,1381.0
506,"114,158,20",1688.0,683.0
507,"114,158,2096",454.0,210.0
508,"114,158,287",455.0,190.0
509,"114,159",1111.0,477.0
510,"114,159,165,526",121.0,68.0
511,"114,159,249,720",5.0,4.0
512,"114,159,27",231.0,90.0
513,"114,159,433",625.0,287.0
514,"114,1615,165,26,29",2.0,1.0
515,"114,166,2031",602.0,290.0
516,"114,168",856.0,270.0
517,"114,168,221",500.0,155.0
518,"114,189,20",824.0,213.0
519,"114,19,353",12.0,6.0
520,"114,193,194,249,433,541",23.0,11.0
521,"114,20",10631.0,2928.0
522,"114,20,2031,2036,67",128.0,60.0
523,"114,20,2094",990.0,321.0
524,"114,20,249,250,27,287,29,91",2.0,2.0
525,"114,20,433,54",1524.0,632.0
526,"114,20,55,61",1333.0,508.0
527,"114,2020,389,87",211.0,102.0
528,"114,2031",6208.0,2215.0
529,"114,2031,433",2629.0,1079.0
530,"114,2036",4254.0,1557.0
531,"114,2036,388,69",491.0,194.0
532,"114,2036,433,69,70",42.0,21.0
533,"114,2062,433",441.0,220.0
534,"114,2067,320",3.0,2.0
535,"114,2142",95.0,54.0
536,"114,221",1101.0,347.0
537,"114,242,250",148.0,52.0
538,"114,258,287,55,61,648",3.0,2.0
539,"114,258,55,61",1137.0,426.0
540,"114,258,55,67,901",70.0,32.0
541,"114,258,93",4943.0,1785.0
542,"114,26",490.0,180.0
543,"114,26,287,304,64",2.0,1.0
544,"114,26,60",70.0,34.0
545,"114,265",1937.0,675.0
546,"114,27,64",79.0,25.0
547,"114,282",1386.0,671.0
548,"114,287",1369.0,495.0
549,"114,287,29,63",224.0,103.0
550,"114,287,38,61",48.0,30.0
551,"114,287,483,83,85",2.0,0.0
552,"114,30",621.0,219.0
553,"114,305",2874.0,1173.0
554,"114,305,55,61,63",434.0,224.0
555,"114,309,387",974.0,435.0
556,"114,387,93",5624.0,1985.0
557,"114,433",5923.0,2096.0
558,"114,433,798",161.0,72.0
559,"114,433,86",2165.0,846.0
560,"114,836",276.0,129.0
561,"114,86",4274.0,1535.0
562,"115,166,25,93",38.0,11.0
563,"115,1690",8.0,3.0
564,"1151,116,120,2031,2036,24,265,352,433",1.0,1.0
565,"1151,120,165",163.0,89.0
566,"1151,86",260.0,100.0
567,"1157,116,19,232,341",1.0,1.0
568,"1157,125,1250,341",7.0,3.0
569,"1157,341,52,55,86,901",9.0,8.0
570,116,9383.0,3164.0
571,"116,1160,132,258,359,48",2.0,2.0
572,"116,1163,304,475",53.0,30.0
573,"116,120",6139.0,2333.0
574,"116,120,192,86",100.0,47.0
575,"116,120,20,76",389.0,161.0
576,"116,120,232,267,29,305,55,63",7.0,6.0
577,"116,120,268,282",251.0,125.0
578,"116,120,282,601,614,86",2.0,0.0
579,"116,120,60",500.0,245.0
580,"116,121,183,258,332",37.0,23.0
581,"116,121,2031,55",1154.0,475.0
582,"116,121,87",675.0,303.0
583,"116,122",1810.0,811.0
584,"116,122,159,2036,282,29",43.0,27.0
585,"116,122,282",605.0,332.0
586,"116,1250,26",88.0,48.0
587,"116,1317,188,311,593",1.0,1.0
588,"116,132,160,20",335.0,132.0
589,"116,132,341",417.0,163.0
590,"116,132,433,60",152.0,76.0
591,"116,1397,268,282",64.0,34.0
592,"116,1397,282",618.0,294.0
593,"116,1403",115.0,59.0
594,"116,143,433,80",17.0,9.0
595,"116,145",324.0,149.0
596,"116,157,29",85.0,37.0
597,"116,158,2031",3135.0,1298.0
598,"116,158,2109,406,433,55,70,86",4.0,3.0
599,"116,158,2109,406,433,55,70,86,87",1.0,1.0
600,"116,158,267,282,433",80.0,43.0
601,"116,158,282,433",781.0,415.0
602,"116,158,433",1893.0,836.0
603,"116,159",1489.0,675.0
604,"116,159,168,433",15.0,9.0
605,"116,159,2036,29,93",242.0,124.0
606,"116,159,2107,406",70.0,33.0
607,"116,159,2113,61",11.0,7.0
608,"116,159,282",662.0,350.0
609,"116,160,282",748.0,368.0
610,"116,160,433",946.0,413.0
611,"116,1615",195.0,89.0
612,"116,1615,192,305,63",1.0,1.0
613,"116,166,29,433,55,93",152.0,62.0
614,"116,168,1727",73.0,31.0
615,"116,168,192,287,352,433,70",4.0,3.0
616,"116,171,433,55",710.0,293.0
617,"116,1821",698.0,292.0
618,"116,183,2031,433",207.0,111.0
619,"116,1849",183.0,81.0
620,"116,19,29,61,66,76,87",1.0,1.0
621,"116,19,30,55,86",131.0,50.0
622,"116,19,55,86",191.0,74.0
623,"116,194,223,226,86",12.0,5.0
624,"116,20",4918.0,1637.0
625,"116,20,2031,677,86,93",20.0,10.0
626,"116,20,258",2565.0,910.0
627,"116,20,26,29,433,87",63.0,31.0
628,"116,20,282,55,86",304.0,148.0
629,"116,20,441,67,76,87",4.0,1.0
630,"116,20,441,76",23.0,6.0
631,"116,2031",5914.0,2174.0
632,"116,2036,93",2552.0,1009.0
633,"116,2050,392,70,86",2.0,1.0
634,"116,2061",129.0,61.0
635,"116,2062,223,268,287,433,61",1.0,1.0
636,"116,2067,2096,568,61",3.0,3.0
637,"116,2096",1057.0,433.0
638,"116,2100",241.0,96.0
639,"116,2130",118.0,56.0
640,"116,221,66",81.0,34.0
641,"116,232,287",126.0,50.0
642,"116,24,347",217.0,100.0
643,"116,249,314,922,93",4.0,2.0
644,"116,25,31,86,87",227.0,86.0
645,"116,256,433",67.0,31.0
646,"116,258,305,93",1097.0,474.0
647,"116,26,433,49",50.0,24.0
648,"116,277,359,639,73",4.0,2.0
649,"116,282,433",1179.0,580.0
650,"116,287,66",82.0,34.0
651,"116,29",4037.0,1386.0
652,"116,30,55,86",175.0,68.0
653,"116,305,321,485,55",27.0,12.0
654,"116,31,334,922,93",1.0,0.0
655,"116,341,73,86",392.0,175.0
656,"116,392,433",415.0,177.0
657,"116,411,710,76",5.0,2.0
658,"116,433",4464.0,1672.0
659,"116,433,61,87",559.0,227.0
660,"116,433,86",2111.0,842.0
661,"116,55,61,67",418.0,183.0
662,"116,66,86,87",65.0,28.0
663,"116,69",1311.0,508.0
664,"116,70",454.0,218.0
665,"116,710,76",17.0,4.0
666,"116,73,86",1179.0,512.0
667,"116,76",1148.0,428.0
668,"116,76,857",12.0,7.0
669,"116,76,86,93",457.0,180.0
670,"116,86",3562.0,1346.0
671,"116,87,885",180.0,89.0
672,"116,87,922",610.0,222.0
673,"116,986",75.0,39.0
674,"1160,120,922",28.0,13.0
675,"1160,131,86",58.0,26.0
676,"1160,433,55",149.0,74.0
677,"1160,519,73",15.0,8.0
678,"1160,61,67",23.0,9.0
679,1163,235.0,106.0
680,"1163,120,159,475",35.0,23.0
681,"1163,1463,93",6.0,4.0
682,"1163,1561,475",6.0,4.0
683,"1163,158",154.0,77.0
684,"1163,158,282,304,433,475",16.0,9.0
685,"1163,1615,433",3.0,3.0
686,"1163,1938,304",9.0,5.0
687,"1163,2031,475",91.0,52.0
688,"1163,2117,475",7.0,5.0
689,"1163,2143,304",56.0,27.0
690,"1163,258,304,406",29.0,19.0
691,"1163,304",157.0,75.0
692,"1163,475",107.0,56.0
693,"1163,67",14.0,7.0
694,1172,32.0,10.0
695,"1172,58",2.0,0.0
696,"1176,2096",5.0,2.0
697,1180,311.0,96.0
698,1186,614.0,189.0
699,"1186,215,216,217,55,61",3.0,0.0
700,"1186,216,217",38.0,11.0
701,"1186,433,69",50.0,25.0
702,119,109.0,39.0
703,"119,121,122,2031,2036,25,55",2.0,1.0
704,"119,122,2031,2036",11.0,4.0
705,"119,433",57.0,21.0
706,1196,1535.0,504.0
707,"1196,158,67,922",5.0,3.0
708,"1196,20,2126,54",9.0,4.0
709,"1196,2126,86",32.0,14.0
710,120,13071.0,4618.0
711,"120,121,1250,165,20,901",38.0,22.0
712,"120,121,132,160,2031",729.0,279.0
713,"120,121,311,321,580,593,594",1.0,1.0
714,"120,121,433",1915.0,818.0
715,"120,122,1397,165,2031,433,437",97.0,62.0
716,"120,122,1397,2031",654.0,327.0
717,"120,122,160,2036,30",68.0,34.0
718,"120,122,19,2031,287",15.0,7.0
719,"120,122,20,2031,2036",520.0,266.0
720,"120,122,2031,2036,29,54,61,63,67,76",3.0,0.0
721,"120,122,2031,232",138.0,70.0
722,"120,122,2036",1089.0,509.0
723,"120,122,406",453.0,250.0
724,"120,1302,2067,568",1.0,0.0
725,"120,1314",333.0,145.0
726,"120,132",2709.0,983.0
727,"120,132,2031",2205.0,817.0
728,"120,132,406,70",39.0,22.0
729,"120,1397,158,341,54,901",41.0,18.0
730,"120,1397,19,20,2031",82.0,40.0
731,"120,1397,258,309,341,359,387,539",12.0,6.0
732,"120,1405,159,282,321",5.0,3.0
733,"120,1405,353",6.0,4.0
734,"120,145,67,87",27.0,16.0
735,"120,145,70,87",17.0,9.0
736,"120,157",211.0,71.0
737,"120,158",6140.0,2396.0
738,"120,158,165,93",1893.0,908.0
739,"120,158,166,20,393",5.0,2.0
740,"120,158,20,26,29,30",8.0,5.0
741,"120,158,2031",5264.0,2063.0
742,"120,158,2036,433",1189.0,563.0
743,"120,158,272,86,87",1.0,0.0
744,"120,158,320,93",22.0,11.0
745,"120,158,86",2166.0,922.0
746,"120,159",2369.0,995.0
747,"120,159,1855",422.0,209.0
748,"120,159,2",118.0,60.0
749,"120,159,20,580,857",3.0,2.0
750,"120,159,2031",2223.0,920.0
751,"120,159,2036,232,298",4.0,1.0
752,"120,159,2036,31",114.0,61.0
753,"120,159,305",507.0,231.0
754,"120,159,67",149.0,69.0
755,"120,160",3296.0,1203.0
756,"120,160,2031,321,820",1.0,0.0
757,"120,160,2109",176.0,97.0
758,"120,165,19,20,2096,61",11.0,7.0
759,"120,165,20,29",1212.0,554.0
760,"120,1855,19,20,2031",43.0,26.0
761,"120,188",317.0,131.0
762,"120,1896,20",6.0,1.0
763,"120,19,20,315",19.0,5.0
764,"120,19,91",146.0,61.0
765,"120,20",6042.0,2197.0
766,"120,20,2068,26",4.0,3.0
767,"120,20,249,26,30",10.0,5.0
768,"120,20,25,26,30,31",4.0,1.0
769,"120,20,26",289.0,130.0
770,"120,20,26,55",193.0,92.0
771,"120,20,27,93",1301.0,434.0
772,"120,20,29",3020.0,1114.0
773,"120,20,433",2846.0,1186.0
774,"120,20,433,69,70",72.0,35.0
775,"120,20,54",1361.0,619.0
776,"120,20,55,93",1964.0,818.0
777,"120,20,86",2175.0,888.0
778,"120,20,91",1341.0,537.0
779,"120,2031",10025.0,3609.0
780,"120,2031,2096",1148.0,496.0
781,"120,2031,433",3997.0,1667.0
782,"120,2036",4504.0,1777.0
783,"120,2036,392",554.0,242.0
784,"120,2037,2127",9.0,4.0
785,"120,2050,304",14.0,7.0
786,"120,2094,387",107.0,58.0
787,"120,2096",1420.0,608.0
788,"120,2096,29",654.0,281.0
789,"120,2117",272.0,118.0
790,"120,221,80",20.0,5.0
791,"120,243",177.0,73.0
792,"120,243,29,65",4.0,2.0
793,"120,246,305,54",24.0,16.0
794,"120,246,433,54",42.0,25.0
795,"120,26",463.0,188.0
796,"120,282",3324.0,1481.0
797,"120,287",931.0,373.0
798,"120,287,30,305,433,55,63,67",2.0,1.0
799,"120,287,55,67,76",24.0,11.0
800,"120,29",5193.0,1885.0
801,"120,30",741.0,288.0
802,"120,30,406",118.0,48.0
803,"120,315",108.0,32.0
804,"120,318,321",213.0,90.0
805,"120,387",5898.0,2279.0
806,"120,387,54",988.0,477.0
807,"120,406",1899.0,865.0
808,"120,406,433",820.0,412.0
809,"120,433",5163.0,2115.0
810,"120,433,55,86",1327.0,573.0
811,"120,433,69",892.0,419.0
812,"120,449",51.0,24.0
813,"120,480",2.0,1.0
814,"120,54",2252.0,1020.0
815,"120,54,55",1397.0,657.0
816,"120,580",319.0,175.0
817,"120,60",881.0,413.0
818,"120,63",2581.0,1150.0
819,"120,73",3236.0,1348.0
820,"120,86",3872.0,1549.0
821,"120,93",10215.0,3778.0
822,121,5976.0,2008.0
823,"121,1314,2101,594,660",4.0,3.0
824,"121,1314,258,332,485",13.0,6.0
825,"121,132,614",217.0,93.0
826,"121,14,158",686.0,294.0
827,"121,1405,158,282",32.0,17.0
828,"121,158,159,1938,2020,29,353,433",1.0,1.0
829,"121,158,159,338",16.0,8.0
830,"121,158,160",1593.0,581.0
831,"121,158,2031,26,64",7.0,5.0
832,"121,158,387",2040.0,806.0
833,"121,158,660",336.0,138.0
834,"121,159",1712.0,690.0
835,"121,160,2145,508",3.0,2.0
836,"121,20",2316.0,858.0
837,"121,20,2036,519",41.0,27.0
838,"121,20,63,922",77.0,33.0
839,"121,2031,2094",56.0,23.0
840,"121,2031,268,677",8.0,5.0
841,"121,2031,433,485,54",80.0,44.0
842,"121,2102,27",5.0,1.0
843,"121,268,54",141.0,70.0
844,"121,321,93",807.0,296.0
845,"121,351,614",11.0,5.0
846,"121,406,485",270.0,131.0
847,"121,556,87",3.0,2.0
848,"121,73",1751.0,712.0
849,"121,86",1760.0,686.0
850,122,4939.0,2036.0
851,"122,131,145,20,2109,87",1.0,1.0
852,"122,131,305,433",74.0,41.0
853,"122,1397",1107.0,516.0
854,"122,1397,2031",773.0,376.0
855,"122,1397,2031,26",32.0,19.0
856,"122,1412,2031,264",10.0,6.0
857,"122,158,1788,93",14.0,9.0
858,"122,158,2031,2036,601",12.0,3.0
859,"122,158,2031,86",584.0,277.0
860,"122,158,333,63",2.0,2.0
861,"122,158,93",1584.0,727.0
862,"122,159",752.0,351.0
863,"122,159,2031,2036,433",173.0,90.0
864,"122,159,232",62.0,37.0
865,"122,160,2107",63.0,38.0
866,"122,165,2036",842.0,418.0
867,"122,166,433",234.0,127.0
868,"122,1710,2031",289.0,151.0
869,"122,1855,2031",576.0,287.0
870,"122,1855,264",99.0,53.0
871,"122,1970,433,61",16.0,9.0
872,"122,20",2327.0,977.0
873,"122,20,2031,2036,26,93",25.0,13.0
874,"122,20,25",1108.0,445.0
875,"122,2031",2963.0,1261.0
876,"122,2031,2036",1075.0,495.0
877,"122,2031,2036,249,258,359,54,63",15.0,11.0
878,"122,2031,249",512.0,263.0
879,"122,2031,358",1250.0,656.0
880,"122,2031,526,719",4.0,2.0
881,"122,2031,614",206.0,100.0
882,"122,2031,63",653.0,338.0
883,"122,2031,91",606.0,278.0
884,"122,2031,93",2437.0,1078.0
885,"122,2031,939",66.0,33.0
886,"122,2036",1507.0,671.0
887,"122,249,308,309,93",122.0,69.0
888,"122,258,901",362.0,190.0
889,"122,26,393",4.0,1.0
890,"122,26,64",13.0,6.0
891,"122,284",1731.0,834.0
892,"122,287,60",36.0,18.0
893,"122,30,61,93",44.0,15.0
894,"122,333,967",4.0,2.0
895,"122,344,433",33.0,9.0
896,"122,433",1872.0,873.0
897,123,90.0,34.0
898,"1234,2096,258,359,76",6.0,3.0
899,"1234,258,359,76",55.0,24.0
900,124,1030.0,398.0
901,"124,130,60,70,76",1.0,0.0
902,"124,160,54",44.0,27.0
903,"124,2031,720",10.0,4.0
904,"124,347,348",171.0,75.0
905,"124,433",464.0,214.0
906,"124,769",470.0,199.0
907,125,755.0,305.0
908,"125,14,485,862",6.0,4.0
909,1250,2950.0,1058.0
910,"1250,159,433,55,87",88.0,43.0
911,"1250,1615,602",5.0,5.0
912,"1250,166,249,433,55,61,63,70",17.0,8.0
913,"1250,20,73,91",124.0,58.0
914,"1250,31,55,61",152.0,71.0
915,"1250,73",1268.0,496.0
916,"1250,85,86,87",47.0,22.0
917,1271,4263.0,1529.0
918,"1273,2096,69",1.0,0.0
919,1280,25.0,9.0
920,1282,1293.0,315.0
921,"1282,20,541",554.0,140.0
922,"1282,222,223",293.0,76.0
923,"1282,223,226,55",121.0,35.0
924,"1286,1380,73",8.0,3.0
925,"1291,1397,180,264",1.0,1.0
926,1297,438.0,137.0
927,"1297,20",241.0,83.0
928,"1297,885",43.0,18.0
929,"1299,132,392",67.0,29.0
930,"1299,277",80.0,32.0
931,130,193.0,69.0
932,1300,1887.0,583.0
933,"1300,192,433",302.0,125.0
934,"1300,20,2031,2092",41.0,20.0
935,"1300,29,977",5.0,2.0
936,"1300,31,720,76",3.0,3.0
937,"1302,318",25.0,13.0
938,131,1761.0,565.0
939,"131,132,160,55,86",63.0,29.0
940,"131,132,568,580,86",1.0,1.0
941,"131,1397,158,1938,305,86",1.0,1.0
942,"131,158,29,433,62,80,86,87,91",1.0,1.0
943,"131,1675,2031,87",2.0,0.0
944,"131,1938",37.0,18.0
945,"131,1938,2126,406,73",2.0,2.0
946,"131,194,433,69",5.0,2.0
947,"131,194,86",10.0,3.0
948,"131,20,720,93",7.0,3.0
949,"131,2109,30",11.0,5.0
950,"131,258",1164.0,399.0
951,"131,292,31",4.0,3.0
952,"131,30,86,87",96.0,30.0
953,"131,31,86",244.0,83.0
954,"131,433",977.0,352.0
955,"131,76",150.0,54.0
956,"1314,2",110.0,17.0
957,"1314,2,7",20.0,1.0
958,"1314,2109,485",22.0,15.0
959,"1314,3",51.0,8.0
960,"1314,384,93",33.0,6.0
961,"1314,485",211.0,97.0
962,"1314,93",418.0,158.0
963,1315,756.0,191.0
964,"1315,30",35.0,15.0
965,"1315,341,358,424",5.0,2.0
966,1318,739.0,265.0
967,"1318,2109",47.0,26.0
968,"1318,341,488,73,836",1.0,1.0
969,132,5201.0,1420.0
970,"132,158",1848.0,689.0
971,"132,158,320",9.0,7.0
972,"132,159",775.0,296.0
973,"132,159,2031,282",280.0,139.0
974,"132,159,60",113.0,61.0
975,"132,1615,97",14.0,3.0
976,"132,1800",85.0,41.0
977,"132,1800,2100,249,60",3.0,2.0
978,"132,20",2087.0,647.0
979,"132,2067,34,568",9.0,2.0
980,"132,2107,392,70",8.0,5.0
981,"132,268,406,433,70",3.0,3.0
982,"132,282,70",67.0,41.0
983,"132,406,580",50.0,27.0
984,"132,433",1724.0,646.0
985,"132,433,60",268.0,121.0
986,"132,433,86",703.0,277.0
987,"132,526",581.0,242.0
988,"132,70",222.0,100.0
989,"132,70,944",3.0,1.0
990,"132,73",1672.0,533.0
991,"132,857",81.0,35.0
992,"132,86",1255.0,451.0
993,1325,134.0,55.0
994,133,34.0,11.0
995,1334,90.0,29.0
996,"1334,26",7.0,5.0
997,"1334,433",32.0,9.0
998,"135,268,87",15.0,4.0
999,1367,1090.0,349.0
1000,"1367,2109,25",37.0,19.0
1001,"1367,284,86,93",202.0,75.0
1002,"1378,158,93",7.0,2.0
1003,"1378,160,267",1.0,1.0
1004,"1378,2100",1.0,1.0
1005,"1378,267",11.0,7.0
1006,"1380,2109,318,406",2.0,1.0
1007,"1380,33",707.0,197.0
1008,"1380,610",10.0,1.0
1009,"1389,268",5.0,3.0
1010,1397,6024.0,2091.0
1011,"1397,158",2828.0,1082.0
1012,"1397,158,2101,93",97.0,54.0
1013,"1397,159,232,433,86",38.0,25.0
1014,"1397,2031",3127.0,1238.0
1015,"1397,2031,347",694.0,299.0
1016,"1397,2091,268,980",1.0,0.0
1017,"1397,30,69",49.0,28.0
1018,"1397,321,774",14.0,8.0
1019,"1397,387",3029.0,1156.0
1020,"1397,392,508",130.0,49.0
1021,"1397,93",4653.0,1692.0
1022,14,4317.0,1308.0
1023,"14,1615,677",5.0,3.0
1024,"14,2",373.0,117.0
1025,"14,20,29,341,347,348,706,93,980",1.0,0.0
1026,"14,2031,292,60,86",4.0,2.0
1027,"14,2092,216,217,242,25,31",3.0,1.0
1028,"14,2101,258",127.0,61.0
1029,"14,2132",30.0,15.0
1030,"14,54",770.0,317.0
1031,"14,54,602",34.0,22.0
1032,"14,61,67",173.0,71.0
1033,"140,1453",5.0,2.0
1034,"140,20,268",199.0,50.0
1035,"140,479",22.0,7.0
1036,1403,243.0,112.0
1037,1405,173.0,64.0
1038,"1405,158",123.0,49.0
1039,"1405,159",61.0,25.0
1040,"1405,2031,2036,321,404",5.0,2.0
1041,"1405,406",48.0,25.0
1042,"1412,2062",26.0,18.0
1043,143,351.0,117.0
1044,"143,55,61",127.0,52.0
1045,"1436,284",264.0,85.0
1046,145,709.0,289.0
1047,"145,287,433,55,87",14.0,10.0
1048,"145,836",16.0,6.0
1049,"1453,1463",4.0,2.0
1050,"1453,2031,425",2.0,0.0
1051,"1453,425",8.0,3.0
1052,"1453,91",25.0,10.0
1053,"1463,160,433,54,86",4.0,0.0
1054,"1463,20,2055,433",17.0,3.0
1055,"1463,2031",145.0,44.0
1056,"1463,268,27",38.0,8.0
1057,"1465,449",23.0,9.0
1058,1474,34.0,9.0
1059,"1474,49,86",2.0,1.0
1060,"1484,171,433",73.0,28.0
1061,"1484,2031,344,433,69,93",1.0,1.0
1062,15,470.0,125.0
1063,"150,342,433",28.0,13.0
1064,"1535,166,20,359,55,61,63",13.0,3.0
1065,1555,637.0,171.0
1066,1561,1088.0,333.0
1067,"1561,158",309.0,120.0
1068,"1561,160",348.0,122.0
1069,"1561,2031",557.0,215.0
1070,"1561,2099,433",3.0,1.0
1071,"1561,268,278",7.0,4.0
1072,"1561,304,488",6.0,2.0
1073,"1561,406",113.0,62.0
1074,"1561,69",129.0,49.0
1075,157,833.0,158.0
1076,"157,2068",35.0,14.0
1077,"157,277",155.0,41.0
1078,158,8619.0,3040.0
1079,"158,159",2059.0,846.0
1080,"158,159,406",596.0,303.0
1081,"158,160,2109,387,437,602",16.0,11.0
1082,"158,165,2036,93",1149.0,536.0
1083,"158,1690",97.0,45.0
1084,"158,1821",706.0,306.0
1085,"158,188,2031",196.0,90.0
1086,"158,188,284,321",43.0,20.0
1087,"158,19",409.0,166.0
1088,"158,19,20,249,26,61,67,91",1.0,1.0
1089,"158,19,2031,2096",65.0,29.0
1090,"158,19,29",195.0,78.0
1091,"158,1938,2031,594",26.0,15.0
1092,"158,1970,54,63,93",20.0,11.0
1093,"158,20",3427.0,1303.0
1094,"158,20,2031,26",147.0,62.0
1095,"158,20,26,27,393",3.0,1.0
1096,"158,20,30",259.0,115.0
1097,"158,20,31,321,590,598,93",2.0,2.0
1098,"158,20,359,63",312.0,148.0
1099,"158,20,660",106.0,52.0
1100,"158,2031",6563.0,2402.0
1101,"158,2031,29,55,61",398.0,174.0
1102,"158,2031,314,485",32.0,16.0
1103,"158,2031,406,76",84.0,44.0
1104,"158,2031,433",2641.0,1115.0
1105,"158,2031,433,76",323.0,144.0
1106,"158,2031,86",2165.0,892.0
1107,"158,2031,93",5624.0,2124.0
1108,"158,2036",3949.0,1486.0
1109,"158,2036,309,93",891.0,360.0
1110,"158,2036,93",3409.0,1317.0
1111,"158,2094,268",60.0,26.0
1112,"158,2096,304",97.0,49.0
1113,"158,2096,304,64",17.0,9.0
1114,"158,2109",494.0,242.0
1115,"158,2109,437,944",4.0,2.0
1116,"158,2132,55,86",32.0,18.0
1117,"158,232,305,61",65.0,33.0
1118,"158,249",1548.0,733.0
1119,"158,25,720,80",4.0,2.0
1120,"158,26",298.0,113.0
1121,"158,26,55,61,80",31.0,19.0
1122,"158,268,93",682.0,277.0
1123,"158,282,406,93",527.0,278.0
1124,"158,29",3292.0,1193.0
1125,"158,296",272.0,121.0
1126,"158,30",450.0,177.0
1127,"158,314,86",73.0,33.0
1128,"158,315",72.0,26.0
1129,"158,321",864.0,329.0
1130,"158,321,580",45.0,27.0
1131,"158,406,54,86",118.0,71.0
1132,"158,406,86,980",2.0,1.0
1133,"158,433,55,61,86",394.0,174.0
1134,"158,433,61,80",149.0,66.0
1135,"158,475",159.0,75.0
1136,"158,475,80",5.0,3.0
1137,"158,49,55,61,86",83.0,47.0
1138,"158,54",1499.0,689.0
1139,"158,55,70",193.0,107.0
1140,"158,580",286.0,147.0
1141,"158,594",742.0,327.0
1142,"158,674",47.0,18.0
1143,"158,86",2712.0,1080.0
1144,"158,86,93",2367.0,966.0
1145,"158,87",1515.0,644.0
1146,"158,93",7318.0,2682.0
1147,"158,967",155.0,77.0
1148,159,2959.0,1145.0
1149,"159,160,580",163.0,84.0
1150,"159,160,580,86",62.0,34.0
1151,"159,160,980",2.0,0.0
1152,"159,1601",85.0,55.0
1153,"159,1602",182.0,88.0
1154,"159,1602,614",20.0,8.0
1155,"159,166,305,433,54,61,63,70",1.0,0.0
1156,"159,167,328,73",5.0,3.0
1157,"159,180,20,30",1.0,1.0
1158,"159,188",103.0,48.0
1159,"159,19",230.0,97.0
1160,"159,2,2031,774",1.0,1.0
1161,"159,2031,2036,55,61,67",33.0,18.0
1162,"159,2031,232",207.0,107.0
1163,"159,2031,232,394",3.0,2.0
1164,"159,2031,27,433",191.0,74.0
1165,"159,2031,282",842.0,421.0
1166,"159,2031,392,433",155.0,67.0
1167,"159,2031,406",709.0,357.0
1168,"159,2031,495",85.0,43.0
1169,"159,2100",112.0,57.0
1170,"159,2107",249.0,125.0
1171,"159,2107,2109,433,591",1.0,1.0
1172,"159,232,251,437",1.0,0.0
1173,"159,232,76",40.0,19.0
1174,"159,249,30,49",15.0,8.0
1175,"159,249,305,86,87",59.0,33.0
1176,"159,268",334.0,135.0
1177,"159,277,305,341,76,922",1.0,1.0
1178,"159,292",23.0,9.0
1179,"159,30,614",14.0,10.0
1180,"159,304,580,63",14.0,10.0
1181,"159,315",54.0,14.0
1182,"159,320,60",3.0,2.0
1183,"159,346",117.0,62.0
1184,"159,406",731.0,362.0
1185,"159,433,69",218.0,109.0
1186,"159,433,69,70",22.0,12.0
1187,"159,49,86,87",55.0,29.0
1188,"159,54,717,86",6.0,4.0
1189,"159,55",1208.0,515.0
1190,"159,55,61",422.0,186.0
1191,"159,580",350.0,184.0
1192,"159,594",255.0,129.0
1193,"159,61",477.0,210.0
1194,"159,61,67",105.0,42.0
1195,"159,63",787.0,350.0
1196,"159,70",152.0,78.0
1197,"159,857",92.0,45.0
1198,"159,86",1157.0,495.0
1199,"159,87",624.0,272.0
1200,"159,91",532.0,228.0
1201,"159,93",2343.0,971.0
1202,16,1070.0,245.0
1203,"16,160",252.0,77.0
1204,"16,29,568",202.0,64.0
1205,"16,34,433",17.0,8.0
1206,"16,433",261.0,98.0
1207,"16,448",145.0,42.0
1208,"16,568",246.0,69.0
1209,"16,63",225.0,55.0
1210,"16,93",484.0,161.0
1211,160,4615.0,1466.0
1212,"160,165",1675.0,689.0
1213,"160,165,526",456.0,216.0
1214,"160,1800,1938,20",3.0,1.0
1215,"160,1943,61",35.0,14.0
1216,"160,20,2036,2067,433",35.0,20.0
1217,"160,2031",4202.0,1397.0
1218,"160,2031,268,31",139.0,61.0
1219,"160,2031,304,475",65.0,35.0
1220,"160,2031,31,49",44.0,27.0
1221,"160,2036",1302.0,514.0
1222,"160,2100",144.0,56.0
1223,"160,277,89,97",13.0,1.0
1224,"160,307",32.0,20.0
1225,"160,308,309",670.0,278.0
1226,"160,392",715.0,244.0
1227,"160,406",812.0,359.0
1228,"160,433",1682.0,674.0
1229,"160,497",110.0,44.0
1230,"160,55,61",371.0,161.0
1231,"160,580",175.0,92.0
1232,"160,614",316.0,113.0
1233,"160,93",3565.0,1209.0
1234,1602,213.0,98.0
1235,"1602,508",16.0,6.0
1236,"1609,2032,401,639",2.0,1.0
1237,1615,630.0,240.0
1238,"1615,165,2032,2036",5.0,3.0
1239,"1615,166",78.0,46.0
1240,"1615,166,63,677",4.0,3.0
1241,"1615,1938",24.0,6.0
1242,"1615,20,86",122.0,52.0
1243,"1615,216,31,69",4.0,1.0
1244,"1615,258,318,437,498,93",3.0,2.0
1245,"1615,305",142.0,63.0
1246,"1615,305,55",73.0,38.0
1247,"1615,353",33.0,13.0
1248,"1615,409,63",1.0,0.0
1249,"1615,433",253.0,124.0
1250,"1615,513,60",1.0,1.0
1251,"1615,526",92.0,46.0
1252,"1615,598",32.0,13.0
1253,"1615,61,67",13.0,5.0
1254,"1615,67",44.0,18.0
1255,1623,76.0,29.0
1256,"1623,1690",27.0,6.0
1257,"1623,386",21.0,6.0
1258,"1625,89",5.0,2.0
1259,165,9460.0,3478.0
1260,"165,20",4370.0,1677.0
1261,"165,20,2096,373",13.0,5.0
1262,"165,20,29",2356.0,913.0
1263,"165,20,347",652.0,273.0
1264,"165,2031",5034.0,2082.0
1265,"165,2031,26",181.0,85.0
1266,"165,2032",181.0,91.0
1267,"165,2032,61",47.0,25.0
1268,"165,2115",479.0,182.0
1269,"165,258",4239.0,1731.0
1270,"165,26",318.0,144.0
1271,"165,26,358",143.0,75.0
1272,"165,287",550.0,221.0
1273,"165,29,598",146.0,72.0
1274,"165,29,93",3163.0,1217.0
1275,166,2845.0,1061.0
1276,"166,170",23.0,7.0
1277,"166,174,433,61,70",11.0,4.0
1278,"166,20",1962.0,725.0
1279,"166,20,22,27,86",92.0,41.0
1280,"166,20,76",216.0,88.0
1281,"166,2031,61",230.0,119.0
1282,"166,216,217,411,433,54,55",10.0,4.0
1283,"166,24,258",356.0,157.0
1284,"166,24,54,55,61",122.0,53.0
1285,"166,249",890.0,391.0
1286,"166,249,677,710",2.0,1.0
1287,"166,27,278,93",42.0,20.0
1288,"166,278,287,55",22.0,12.0
1289,"166,328,358,363,433,87",1.0,1.0
1290,"166,352,61,64",4.0,3.0
1291,"166,433",1295.0,529.0
1292,"166,55",1385.0,566.0
1293,"166,55,557,69",10.0,4.0
1294,"166,55,62",272.0,114.0
1295,"166,61",642.0,280.0
1296,"166,61,63",360.0,157.0
1297,"166,93",1669.0,687.0
1298,167,934.0,362.0
1299,"1674,1943,80",16.0,8.0
1300,"1675,1676",69.0,6.0
1301,"168,20,221,242,67",65.0,29.0
1302,"168,221",566.0,177.0
1303,"168,221,250",115.0,52.0
1304,"168,221,250,31",27.0,10.0
1305,"168,221,256",77.0,26.0
1306,"168,221,256,70",17.0,10.0
1307,"168,242,433,67",64.0,31.0
1308,169,68.0,23.0
1309,"169,277",7.0,3.0
1310,"169,55,61",17.0,6.0
1311,"169,65",3.0,3.0
1312,"169,677",1.0,1.0
1313,"1690,1939",180.0,21.0
1314,"1690,27",151.0,37.0
1315,"1690,60,93",29.0,21.0
1316,1695,61.0,25.0
1317,"1696,1697",27.0,3.0
1318,"17,1800",13.0,3.0
1319,"17,448",369.0,82.0
1320,"170,2031,61",13.0,7.0
1321,"170,433,67,76",9.0,4.0
1322,"170,76",57.0,26.0
1323,"1701,73",94.0,31.0
1324,"171,63",1028.0,421.0
1325,"171,720",97.0,45.0
1326,"1710,19,508,580",1.0,1.0
1327,"1719,91",112.0,48.0
1328,"1727,216,221,55,61",38.0,13.0
1329,"1727,216,268,411,54",28.0,11.0
1330,"1727,433,60",97.0,31.0
1331,"174,2031,341",103.0,36.0
1332,"175,20,26,88",2.0,1.0
1333,"175,359,484,55,62,80,88",3.0,2.0
1334,"175,359,62,72,80,88",1.0,1.0
1335,"175,62,88",16.0,8.0
1336,178,426.0,104.0
1337,"1783,433",105.0,38.0
1338,"1788,258,460",113.0,28.0
1339,"1789,359,55,86,87",2.0,2.0
1340,"179,37,55,61",13.0,6.0
1341,"179,55,62",31.0,12.0
1342,180,368.0,113.0
1343,1800,355.0,164.0
1344,"1800,282",113.0,62.0
1345,"1800,433",152.0,80.0
1346,"1800,55",127.0,60.0
1347,1809,66.0,21.0
1348,182,84.0,42.0
1349,1821,2547.0,905.0
1350,"1821,467",180.0,68.0
1351,"1822,45,55",1.0,0.0
1352,183,930.0,397.0
1353,"183,258,291",22.0,7.0
1354,"183,29,720",2.0,0.0
1355,"183,63",221.0,116.0
1356,"1830,567,568",45.0,6.0
1357,1847,5536.0,1728.0
1358,1849,533.0,241.0
1359,"1849,267,49",11.0,5.0
1360,"1855,1943,20,309,437,61",4.0,1.0
1361,"1855,2031",2353.0,968.0
1362,"1855,2031,433,67,69,70,76",1.0,0.0
1363,188,490.0,193.0
1364,"188,189,321",4.0,1.0
1365,"188,2050,30",1.0,1.0
1366,"188,433,55",141.0,72.0
1367,"188,614",27.0,11.0
1368,"188,836",13.0,7.0
1369,189,988.0,259.0
1370,"189,20",887.0,234.0
1371,"189,20,2097,250,411",32.0,15.0
1372,"189,2140,467",2.0,0.0
1373,"189,467,757",7.0,2.0
1374,"189,67",121.0,51.0
1375,"1896,433,60",2.0,2.0
1376,"1896,63",6.0,1.0
1377,19,1443.0,432.0
1378,"19,20",806.0,271.0
1379,"19,20,26,29,54,61,80",5.0,1.0
1380,"19,20,26,29,67,922",1.0,0.0
1381,"19,20,26,80",12.0,2.0
1382,"19,20,27,29,93",134.0,39.0
1383,"19,20,29",451.0,160.0
1384,"19,2050,29",12.0,7.0
1385,"19,2096",215.0,79.0
1386,"19,2096,720",3.0,1.0
1387,"19,30",1025.0,308.0
1388,"19,406",139.0,56.0
1389,"19,433",704.0,256.0
1390,"19,91",284.0,99.0
1391,1909,50.0,17.0
1392,"192,2094,272",15.0,10.0
1393,"192,223,359,411,70",2.0,1.0
1394,"192,249,256,258,70",9.0,5.0
1395,"192,26",49.0,19.0
1396,"192,29,305,54",68.0,34.0
1397,"192,54,55,61",141.0,53.0
1398,193,1201.0,309.0
1399,"193,194,541",143.0,50.0
1400,"193,20,205,223,226,61",4.0,2.0
1401,"193,268,614,69",5.0,3.0
1402,"193,541,86,87",35.0,12.0
1403,1932,868.0,272.0
1404,1938,641.0,189.0
1405,"1938,2036,433",61.0,30.0
1406,"1938,2109,591",3.0,2.0
1407,"1938,258,353,73",17.0,6.0
1408,"1938,296,353",4.0,3.0
1409,"1938,304,387",19.0,7.0
1410,"1938,353",58.0,16.0
1411,"1938,355",8.0,3.0
1412,"1938,392,393",20.0,4.0
1413,1939,808.0,156.0
1414,194,517.0,157.0
1415,"194,20,223",256.0,81.0
1416,"194,20,61,76",15.0,10.0
1417,"194,268",458.0,132.0
1418,"194,268,61",64.0,24.0
1419,"194,268,87",45.0,17.0
1420,1943,1686.0,539.0
1421,"1943,20",697.0,243.0
1422,"1943,20,61,62,76,80,83,836",1.0,1.0
1423,"1943,258",981.0,325.0
1424,"1943,433",684.0,271.0
1425,"1943,60",148.0,64.0
1426,"1943,83,836,86",4.0,1.0
1427,"1944,1994,20,258",33.0,15.0
1428,"1944,359",262.0,76.0
1429,1946,167.0,67.0
1430,"1946,249,69",65.0,31.0
1431,"1946,341,73",9.0,5.0
1432,"1946,433,60",7.0,5.0
1433,"1946,433,69",48.0,23.0
1434,"1946,55,922",12.0,7.0
1435,"1946,69",129.0,50.0
1436,"1946,69,70",7.0,2.0
1437,195,1881.0,668.0
1438,"1953,666,93",643.0,253.0
1439,"1954,27",133.0,41.0
1440,"1970,93",334.0,159.0
1441,1976,273.0,97.0
1442,"1976,284",139.0,56.0
1443,1994,2692.0,707.0
1444,2,2324.0,535.0
1445,"2,2031,69",161.0,60.0
1446,"2,242,944",2.0,1.0
1447,"2,258,29",723.0,180.0
1448,"2,359",735.0,185.0
1449,"2,73",584.0,168.0
1450,20,17893.0,4701.0
1451,"20,2031",7364.0,2391.0
1452,"20,2031,2096",955.0,389.0
1453,"20,2031,433,69,86",276.0,141.0
1454,"20,2036,30,61",51.0,19.0
1455,"20,2036,388,91",274.0,124.0
1456,"20,2050",461.0,189.0
1457,"20,2091,221,67",284.0,108.0
1458,"20,2091,328,351",17.0,9.0
1459,"20,2094,54",286.0,118.0
1460,"20,2096",1578.0,593.0
1461,"20,2096,29",825.0,321.0
1462,"20,2096,29,52",41.0,16.0
1463,"20,2096,63",435.0,199.0
1464,"20,2127,944",6.0,4.0
1465,"20,22,26,359",38.0,17.0
1466,"20,22,62,80",192.0,77.0
1467,"20,242",619.0,172.0
1468,"20,249,29,93",1085.0,459.0
1469,"20,25",6270.0,1697.0
1470,"20,25,26,29,30",13.0,7.0
1471,"20,25,31,484,54,55",18.0,9.0
1472,"20,25,86",2466.0,774.0
1473,"20,258,272",131.0,56.0
1474,"20,26",724.0,249.0
1475,"20,26,29",354.0,138.0
1476,"20,26,433",374.0,146.0
1477,"20,26,52",45.0,21.0
1478,"20,26,52,93",22.0,12.0
1479,"20,26,836,93",11.0,6.0
1480,"20,268",6141.0,1532.0
1481,"20,268,31,508",46.0,22.0
1482,"20,27",4925.0,1225.0
1483,"20,27,29,304,433,70",4.0,2.0
1484,"20,277,29,562",3.0,2.0
1485,"20,277,433",341.0,127.0
1486,"20,277,720",7.0,6.0
1487,"20,287,433",677.0,262.0
1488,"20,29",7895.0,2319.0
1489,"20,29,388",258.0,103.0
1490,"20,29,433",3242.0,1150.0
1491,"20,29,433,55,61,70",116.0,50.0
1492,"20,29,433,91",770.0,311.0
1493,"20,29,54,91",459.0,203.0
1494,"20,29,62,69,70,80",15.0,9.0
1495,"20,30",803.0,277.0
1496,"20,30,80",53.0,22.0
1497,"20,304,433",403.0,161.0
1498,"20,305",2540.0,972.0
1499,"20,305,61,79",7.0,7.0
1500,"20,31,406",289.0,132.0
1501,"20,320",35.0,16.0
1502,"20,328,347,677",1.0,0.0
1503,"20,359,69",559.0,234.0
1504,"20,387,55,61,69,93",145.0,69.0
1505,"20,392",1593.0,521.0
1506,"20,406",1219.0,518.0
1507,"20,411,433,60",200.0,77.0
1508,"20,433",6864.0,2270.0
1509,"20,433,55,61",1576.0,591.0
1510,"20,433,63",2031.0,797.0
1511,"20,433,666,69,70",20.0,8.0
1512,"20,433,69,70",168.0,74.0
1513,"20,433,70",525.0,218.0
1514,"20,433,80",790.0,302.0
1515,"20,433,86",2655.0,977.0
1516,"20,437",2893.0,1015.0
1517,"20,54",3279.0,1215.0
1518,"20,55",5959.0,1958.0
1519,"20,61",2590.0,925.0
1520,"20,614",421.0,140.0
1521,"20,63,73",1115.0,478.0
1522,"20,67",1375.0,482.0
1523,"20,70",751.0,305.0
1524,"20,836,857",9.0,3.0
1525,"20,86",4939.0,1635.0
1526,"20,88",72.0,35.0
1527,"20,903",143.0,51.0
1528,"20,91",3504.0,1081.0
1529,"20,93",9581.0,2995.0
1530,"2004,2067",25.0,4.0
1531,2008,135.0,33.0
1532,"2020,2032,232",34.0,18.0
1533,"2020,29",3865.0,1457.0
1534,"2020,29,433,80",165.0,81.0
1535,203,78.0,24.0
1536,"203,267",11.0,4.0
1537,2031,15643.0,4953.0
1538,"2031,2036",4523.0,1732.0
1539,"2031,2036,26",141.0,57.0
1540,"2031,2036,27",768.0,289.0
1541,"2031,2036,91",1355.0,529.0
1542,"2031,2094",294.0,120.0
1543,"2031,2094,268",168.0,70.0
1544,"2031,2118,433",17.0,11.0
1545,"2031,2133,86,93",1.0,1.0
1546,"2031,216,245,31",12.0,4.0
1547,"2031,24,55",732.0,328.0
1548,"2031,242,433,70",22.0,10.0
1549,"2031,25,31,433",701.0,263.0
1550,"2031,26",518.0,187.0
1551,"2031,26,60",69.0,25.0
1552,"2031,29,406,69",75.0,37.0
1553,"2031,29,798",73.0,31.0
1554,"2031,30",1024.0,347.0
1555,"2031,321,338",19.0,10.0
1556,"2031,377,93",429.0,179.0
1557,"2031,406",2184.0,933.0
1558,"2031,433",5614.0,2135.0
1559,"2031,433,69,70",87.0,47.0
1560,"2031,433,70",341.0,174.0
1561,"2031,433,86",2386.0,972.0
1562,"2031,437,593",229.0,119.0
1563,"2031,508",834.0,351.0
1564,"2031,526",1692.0,696.0
1565,"2031,54",2410.0,1028.0
1566,"2031,591",48.0,28.0
1567,"2031,60",865.0,375.0
1568,"2031,64",234.0,94.0
1569,"2031,80",441.0,186.0
1570,"2031,86",4442.0,1643.0
1571,"2031,922",952.0,364.0
1572,"2031,93",12001.0,4032.0
1573,2032,825.0,324.0
1574,"2032,277,29,433",44.0,22.0
1575,"2032,394,433,55,61",3.0,2.0
1576,2036,8821.0,2948.0
1577,"2036,29",4547.0,1555.0
1578,"2036,304,437",151.0,80.0
1579,"2036,433,70",165.0,87.0
1580,"2036,441,54,666",197.0,82.0
1581,"2036,54,61",530.0,234.0
1582,"2036,54,93",1267.0,566.0
1583,"2036,55",2861.0,1111.0
1584,"2036,91",3121.0,1021.0
1585,"2036,93",6539.0,2321.0
1586,"2036,938",16.0,6.0
1587,"2037,25,31",15.0,6.0
1588,"2037,305",143.0,55.0
1589,"204,67",11.0,4.0
1590,2049,2848.0,1461.0
1591,"2049,284",1455.0,785.0
1592,"2049,67,922,93",23.0,14.0
1593,205,184.0,67.0
1594,2050,485.0,196.0
1595,"2050,2092,249",8.0,1.0
1596,"2050,2100",6.0,3.0
1597,"2050,26,29,30",2.0,1.0
1598,"2050,30",31.0,12.0
1599,"2050,30,31",16.0,5.0
1600,"2050,304,433",11.0,4.0
1601,"2050,328",10.0,5.0
1602,2052,119.0,25.0
1603,2055,714.0,153.0
1604,"2055,341,388",11.0,6.0
1605,2062,2062.0,844.0
1606,"2062,467",92.0,41.0
1607,2067,1501.0,272.0
1608,"2067,567",248.0,79.0
1609,"2067,568",442.0,124.0
1610,2068,493.0,152.0
1611,2087,2286.0,1231.0
1612,"2087,2109",155.0,106.0
1613,"2087,2139,291",7.0,3.0
1614,"2087,305,348,416,55,61",7.0,2.0
1615,"2087,433",875.0,501.0
1616,2091,4852.0,1250.0
1617,"2091,2094",915.0,289.0
1618,"2091,25,76",181.0,63.0
1619,"2091,268,31",1063.0,280.0
1620,"2091,30",154.0,60.0
1621,2092,558.0,190.0
1622,"2092,2132,216,217",2.0,0.0
1623,"2092,216,217",134.0,35.0
1624,"2092,242,66,67,86",8.0,4.0
1625,2093,25.0,7.0
1626,2094,1155.0,374.0
1627,"2094,2096",91.0,45.0
1628,"2094,26",25.0,12.0
1629,"2094,268",634.0,217.0
1630,"2094,387",313.0,125.0
1631,"2094,54",309.0,130.0
1632,2096,2923.0,1020.0
1633,"2096,221,61,885",2.0,2.0
1634,"2096,25,31",278.0,116.0
1635,"2096,258,69",203.0,93.0
1636,"2096,26",656.0,241.0
1637,"2096,277,29,393,55",2.0,1.0
1638,"2096,29",1376.0,506.0
1639,"2096,433,86",544.0,224.0
1640,"2096,54",628.0,283.0
1641,"2096,60",245.0,111.0
1642,"2096,61,885",50.0,25.0
1643,"2096,67",358.0,138.0
1644,2097,795.0,251.0
1645,"2097,250",275.0,93.0
1646,"2097,54,61",91.0,39.0
1647,"2097,61",192.0,78.0
1648,"2097,70",189.0,78.0
1649,2099,192.0,31.0
1650,"21,67,87",37.0,20.0
1651,2100,513.0,183.0
1652,"2100,27",125.0,40.0
1653,"2100,30,315",1.0,0.0
1654,"2100,359,484,55,80",1.0,1.0
1655,"2100,55",191.0,77.0
1656,"2101,433",291.0,144.0
1657,"2105,57",9.0,4.0
1658,2107,775.0,339.0
1659,"2107,342,63,720",1.0,0.0
1660,2108,134.0,60.0
1661,"2108,2109,433,73",5.0,3.0
1662,"2108,49",31.0,20.0
1663,"2108,602",19.0,11.0
1664,"2108,61",23.0,11.0
1665,2109,782.0,369.0
1666,"2109,282",263.0,157.0
1667,"2109,406,614",71.0,32.0
1668,"2109,580",45.0,27.0
1669,2115,2281.0,528.0
1670,2117,480.0,178.0
1671,"2117,2118",44.0,20.0
1672,"2117,2142",51.0,20.0
1673,"2117,268,93",39.0,17.0
1674,"2117,30,305,358,63",2.0,1.0
1675,"2117,318",236.0,92.0
1676,2123,68.0,28.0
1677,"2123,433,54",15.0,10.0
1678,2126,667.0,215.0
1679,"2126,277",83.0,19.0
1680,"2126,298",48.0,20.0
1681,"2127,55,61,70",34.0,17.0
1682,"2129,359,60,73",5.0,3.0
1683,"2129,49,560",1.0,1.0
1684,2132,248.0,103.0
1685,"2132,55",135.0,58.0
1686,"2132,69",40.0,15.0
1687,2134,33.0,10.0
1688,"2135,359,54",18.0,10.0
1689,"2139,433,69",16.0,10.0
1690,2143,195.0,89.0
1691,"2143,304",157.0,72.0
1692,"2143,64,962",3.0,1.0
1693,"2144,2145",28.0,12.0
1694,"2144,304",117.0,54.0
1695,"216,217,222,224,226,268",83.0,22.0
1696,"216,217,223,224,242",31.0,12.0
1697,"216,217,236,237",109.0,30.0
1698,"216,27,29,433,70",14.0,6.0
1699,"216,433",1168.0,331.0
1700,217,1987.0,451.0
1701,"217,25,31,433",236.0,66.0
1702,22,2022.0,669.0
1703,"22,25",574.0,188.0
1704,"22,258,73,980",8.0,2.0
1705,"22,80",345.0,129.0
1706,221,1294.0,409.0
1707,"221,223,272",18.0,10.0
1708,"221,223,433,541",88.0,33.0
1709,"221,250,251",10.0,7.0
1710,"221,26,433,76",7.0,5.0
1711,"221,272,76",9.0,4.0
1712,"221,318",106.0,48.0
1713,"221,433",753.0,269.0
1714,"222,224,226",122.0,38.0
1715,"223,226",570.0,175.0
1716,"223,226,304",22.0,7.0
1717,"226,272",60.0,14.0
1718,"230,258,321,341,606",7.0,4.0
1719,"230,321,614",16.0,5.0
1720,232,1311.0,502.0
1721,"232,243",45.0,16.0
1722,"232,26,80,86",13.0,7.0
1723,"232,54",462.0,214.0
1724,"232,76,86",137.0,57.0
1725,"232,836,86",30.0,21.0
1726,234,191.0,69.0
1727,237,297.0,88.0
1728,24,2056.0,797.0
1729,"24,267,342",6.0,4.0
1730,"24,433,48,61,76,80",10.0,7.0
1731,242,641.0,179.0
1732,"242,245,55,65",19.0,10.0
1733,"242,433,67,86",64.0,32.0
1734,"242,55",345.0,103.0
1735,243,374.0,123.0
1736,"243,433",208.0,77.0
1737,"243,836",6.0,3.0
1738,"243,967",4.0,1.0
1739,"245,55,65",69.0,37.0
1740,"245,554",59.0,29.0
1741,249,5789.0,2144.0
1742,"249,258,60",454.0,219.0
1743,"249,27,720",20.0,13.0
1744,"249,278",622.0,281.0
1745,"249,287,400",120.0,69.0
1746,"249,347,433,61,86,950",2.0,2.0
1747,"249,388",530.0,226.0
1748,"249,411",528.0,206.0
1749,"249,433,55,61,67,70,86",27.0,11.0
1750,"249,433,60,69",190.0,99.0
1751,"249,55,61,73,86",221.0,116.0
1752,"249,55,63",1159.0,531.0
1753,"249,60",924.0,427.0
1754,"249,63,76",250.0,118.0
1755,25,6410.0,1735.0
1756,"25,258,347,348,55,61,73",24.0,11.0
1757,"25,287,433",271.0,97.0
1758,"25,30",371.0,134.0
1759,"25,31",2333.0,643.0
1760,"25,31,433,70",122.0,56.0
1761,"25,31,449,69",13.0,4.0
1762,"25,31,61",470.0,163.0
1763,"25,359,433,55",444.0,174.0
1764,"25,495",177.0,67.0
1765,"25,55,798,86,93",41.0,21.0
1766,"25,602",144.0,70.0
1767,"25,74",48.0,20.0
1768,"25,86",2503.0,785.0
1769,250,806.0,266.0
1770,251,58.0,22.0
1771,"251,67,922",4.0,1.0
1772,"256,433,65,70",11.0,7.0
1773,258,15177.0,4523.0
1774,"258,264",2403.0,767.0
1775,"258,264,265,284,308,309,901,93",34.0,18.0
1776,"258,282",1911.0,899.0
1777,"258,308,309",2057.0,789.0
1778,"258,308,594",337.0,155.0
1779,"258,321",831.0,326.0
1780,"258,321,433,606,774,857",1.0,1.0
1781,"258,342",281.0,100.0
1782,"258,347",3589.0,1142.0
1783,"258,347,63",1253.0,475.0
1784,"258,352,359,74",9.0,5.0
1785,"258,358,406,488",3.0,1.0
1786,"258,395",358.0,133.0
1787,"258,404,86",56.0,24.0
1788,"258,433,55",3180.0,1177.0
1789,"258,433,55,87",1057.0,433.0
1790,"258,55,60",538.0,225.0
1791,"258,55,720,80,86",19.0,10.0
1792,"258,60",913.0,367.0
1793,"258,606,62",4.0,3.0
1794,"258,62,70",65.0,29.0
1795,"258,63",3572.0,1311.0
1796,"258,69",2107.0,738.0
1797,"258,73",4300.0,1554.0
1798,"258,86,87",1325.0,535.0
1799,26,1103.0,365.0
1800,"26,264",96.0,36.0
1801,"26,268",169.0,62.0
1802,"26,27",281.0,76.0
1803,"26,27,83,85",10.0,3.0
1804,"26,278,54,61,80,87",2.0,1.0
1805,"26,29",523.0,195.0
1806,"26,29,433,69",64.0,30.0
1807,"26,30",92.0,29.0
1808,"26,304",110.0,45.0
1809,"26,304,64",12.0,7.0
1810,"26,347",170.0,70.0
1811,"26,347,55,81",3.0,2.0
1812,"26,392,60",13.0,8.0
1813,"26,433",555.0,209.0
1814,"26,433,86,87",167.0,61.0
1815,"26,433,93",311.0,123.0
1816,"26,488",6.0,1.0
1817,"26,56",22.0,10.0
1818,"26,61,885",36.0,20.0
1819,"26,76,86",105.0,43.0
1820,"26,86",498.0,158.0
1821,264,4011.0,1223.0
1822,"264,265,86",390.0,152.0
1823,"264,267,387,93",166.0,83.0
1824,"264,63",840.0,328.0
1825,"264,70",114.0,58.0
1826,267,2093.0,722.0
1827,"267,318,433",195.0,94.0
1828,"267,318,54,836",5.0,4.0
1829,268,6514.0,1653.0
1830,"268,305,55,61,63",140.0,71.0
1831,"268,411",1785.0,468.0
1832,"268,411,54",279.0,105.0
1833,"268,433,55",1261.0,452.0
1834,"268,433,55,63,69,86",67.0,38.0
1835,"268,52",278.0,87.0
1836,"268,54,76",145.0,56.0
1837,"268,55",2070.0,690.0
1838,"268,55,61",765.0,291.0
1839,"268,55,836",79.0,38.0
1840,"268,61",893.0,337.0
1841,"268,69",822.0,292.0
1842,"268,885",509.0,158.0
1843,27,6892.0,1643.0
1844,"27,287",426.0,131.0
1845,"27,29,355,686",3.0,3.0
1846,"27,29,598",106.0,35.0
1847,"27,29,64,710",2.0,0.0
1848,"27,304,64",34.0,13.0
1849,"27,305,323,55,61",7.0,4.0
1850,"27,388",302.0,94.0
1851,"27,411,70,86",15.0,8.0
1852,"27,433",2116.0,633.0
1853,"27,485,54,944",1.0,0.0
1854,"27,60,707",1.0,1.0
1855,"27,63,67",158.0,56.0
1856,"27,64",153.0,49.0
1857,"27,69,70,93",34.0,11.0
1858,"27,93",3931.0,1089.0
1859,272,282.0,99.0
1860,277,2371.0,544.0
1861,"277,29",1994.0,458.0
1862,"277,29,433,70,76,86,87",2.0,2.0
1863,"277,55",496.0,197.0
1864,278,1759.0,670.0
1865,"278,76,93",170.0,80.0
1866,"28,449,802",3.0,0.0
1867,282,3542.0,1546.0
1868,"282,30,358",57.0,30.0
1869,"282,433,86",739.0,370.0
1870,"282,55",1287.0,639.0
1871,"282,660",163.0,77.0
1872,"282,86",1296.0,611.0
1873,"282,980",22.0,11.0
1874,"284,437,441,54",138.0,55.0
1875,"284,93",7168.0,2565.0
1876,"284,952",36.0,9.0
1877,287,1840.0,648.0
1878,"287,305,836",10.0,2.0
1879,"287,433,70",100.0,48.0
1880,"287,433,86",454.0,190.0
1881,"287,55",880.0,352.0
1882,"287,63",542.0,226.0
1883,"287,66,67,76,87,922",7.0,5.0
1884,"287,93",1270.0,471.0
1885,289,41.0,19.0
1886,29,15171.0,4148.0
1887,"29,30",636.0,210.0
1888,"29,387",5922.0,1803.0
1889,"29,433",5134.0,1804.0
1890,"29,433,55,61,70",156.0,67.0
1891,"29,54,55,91,93",296.0,153.0
1892,"29,63,91",686.0,266.0
1893,"29,64",191.0,72.0
1894,"29,660",139.0,60.0
1895,"29,680",1062.0,431.0
1896,"29,73",3030.0,994.0
1897,"29,91",3584.0,1092.0
1898,"29,93",8893.0,2804.0
1899,"29,97",643.0,117.0
1900,"290,433,60",8.0,6.0
1901,292,160.0,57.0
1902,"292,69,70",5.0,2.0
1903,296,1137.0,435.0
1904,30,1558.0,459.0
1905,"30,359",198.0,80.0
1906,"30,485,76,86",9.0,2.0
1907,"30,54",304.0,127.0
1908,"30,61,86",124.0,45.0
1909,"30,86",746.0,224.0
1910,304,1299.0,477.0
1911,"304,305",280.0,125.0
1912,"304,406",203.0,90.0
1913,"304,475",229.0,98.0
1914,"304,475,64",30.0,14.0
1915,"304,86",425.0,184.0
1916,305,5247.0,1934.0
1917,"305,311",296.0,133.0
1918,"305,359,54,55,61,62",172.0,72.0
1919,"305,388,433,437,55,69,86",7.0,5.0
1920,"305,433",2863.0,1156.0
1921,"305,55",3012.0,1175.0
1922,"305,63",1834.0,783.0
1923,"305,67",1077.0,414.0
1924,"305,86",2020.0,779.0
1925,"305,862",551.0,240.0
1926,308,6348.0,2200.0
1927,"308,309,93",3308.0,1205.0
1928,"308,314,594",32.0,16.0
1929,"308,437",2872.0,1052.0
1930,309,4072.0,1442.0
1931,"309,598",362.0,172.0
1932,31,4228.0,1172.0
1933,"31,433,61",516.0,199.0
1934,"31,86",1620.0,528.0
1935,"311,433,593",70.0,37.0
1936,"312,539",200.0,68.0
1937,314,511.0,208.0
1938,315,190.0,47.0
1939,316,111.0,19.0
1940,318,4298.0,1517.0
1941,"318,433",1681.0,715.0
1942,320,65.0,28.0
1943,321,1255.0,456.0
1944,322,292.0,90.0
1945,"322,395",73.0,19.0
1946,323,1205.0,483.0
1947,"323,498",77.0,28.0
1948,"328,388",35.0,18.0
1949,"328,61,80",8.0,1.0
1950,334,77.0,29.0
1951,34,657.0,176.0
1952,341,6045.0,1638.0
1953,"341,359,980",52.0,8.0
1954,"341,433,55",1357.0,508.0
1955,"341,54,73",456.0,200.0
1956,"341,71",203.0,61.0
1957,"341,73,92",2.0,2.0
1958,342,409.0,143.0
1959,"342,355,433",6.0,2.0
1960,344,269.0,69.0
1961,"344,86",181.0,49.0
1962,"346,485",127.0,67.0
1963,347,5965.0,1767.0
1964,"347,348,458",123.0,38.0
1965,"347,348,54",689.0,264.0
1966,"347,484",80.0,41.0
1967,"347,52",292.0,96.0
1968,"347,63",1744.0,645.0
1969,"347,76,86",246.0,106.0
1970,348,4839.0,1365.0
1971,"348,608,614",34.0,5.0
1972,351,5181.0,1263.0
1973,"352,495",196.0,89.0
1974,"353,93",410.0,145.0
1975,355,105.0,44.0
1976,358,5158.0,2179.0
1977,"358,363",371.0,164.0
1978,"358,392,393",112.0,55.0
1979,"358,433,55,61",272.0,125.0
1980,359,4689.0,1498.0
1981,"359,433,55",1803.0,708.0
1982,"359,511",55.0,18.0
1983,"359,54,74",39.0,16.0
1984,"359,55",2671.0,976.0
1985,"359,55,61",1376.0,542.0
1986,"359,55,61,62,69,70",37.0,16.0
1987,"359,55,62",561.0,210.0
1988,"359,55,63,88,901",8.0,3.0
1989,"359,55,73",871.0,369.0
1990,"359,55,86,87",473.0,218.0
1991,"359,63,67",366.0,150.0
1992,"359,71",110.0,29.0
1993,364,1239.0,504.0
1994,"37,44,45,48,55,61",10.0,3.0
1995,"37,80",125.0,46.0
1996,373,688.0,216.0
1997,386,625.0,102.0
1998,387,13683.0,4119.0
1999,"387,406",1352.0,589.0
2000,"387,406,86",417.0,197.0
2001,"387,591",62.0,30.0
2002,"387,73",3328.0,1205.0
2003,388,2069.0,724.0
2004,"388,91",1940.0,686.0
2005,"389,401,60,824",2.0,2.0
2006,392,3385.0,968.0
2007,"392,433,70",67.0,33.0
2008,"392,433,70,91",13.0,8.0
2009,"392,61,93",197.0,81.0
2010,"394,411",113.0,33.0
2011,395,742.0,207.0
2012,"401,86",324.0,150.0
2013,404,384.0,147.0
2014,406,2831.0,1134.0
2015,"406,433,80",77.0,36.0
2016,"406,433,86",458.0,218.0
2017,"406,505",234.0,93.0
2018,"406,580",142.0,84.0
2019,"406,60,63",78.0,52.0
2020,"406,602",354.0,171.0
2021,"406,61",319.0,176.0
2022,"406,614",267.0,116.0
2023,"406,70,80",13.0,7.0
2024,"406,86",845.0,379.0
2025,411,2255.0,607.0
2026,"411,433",1033.0,341.0
2027,424,367.0,131.0
2028,425,326.0,85.0
2029,"427,885",47.0,16.0
2030,433,11204.0,3739.0
2031,"433,485,76",65.0,32.0
2032,"433,508,86",243.0,112.0
2033,"433,513",22.0,9.0
2034,"433,54",3621.0,1423.0
2035,"433,54,69,70",121.0,60.0
2036,"433,54,86",1290.0,561.0
2037,"433,541",777.0,233.0
2038,"433,55",5356.0,1922.0
2039,"433,55,61",2246.0,835.0
2040,"433,55,61,69,70",114.0,56.0
2041,"433,55,61,70",310.0,136.0
2042,"433,55,61,86",994.0,411.0
2043,"433,55,61,980",17.0,3.0
2044,"433,55,63",2209.0,896.0
2045,"433,55,67,69,922",71.0,28.0
2046,"433,55,70",466.0,209.0
2047,"433,55,73,80,87",105.0,53.0
2048,"433,55,76,80,86",99.0,45.0
2049,"433,55,950",32.0,21.0
2050,"433,60",1182.0,466.0
2051,"433,61",2563.0,946.0
2052,"433,61,69,70",120.0,61.0
2053,"433,61,80",697.0,269.0
2054,"433,63",3232.0,1272.0
2055,"433,69",1976.0,756.0
2056,"433,69,70",214.0,100.0
2057,"433,69,70,86",86.0,43.0
2058,"433,69,70,91",56.0,28.0
2059,"433,70",717.0,318.0
2060,"433,73",2887.0,1156.0
2061,"433,80",1070.0,395.0
2062,"433,857",173.0,81.0
2063,"433,86",3999.0,1469.0
2064,"433,87",2498.0,965.0
2065,"433,91",2285.0,811.0
2066,"433,93",7028.0,2567.0
2067,"433,950",88.0,51.0
2068,437,7034.0,2338.0
2069,"437,86,87",576.0,243.0
2070,"437,93",6129.0,2110.0
2071,"44,56",24.0,10.0
2072,441,1879.0,583.0
2073,"441,69",813.0,274.0
2074,448,1742.0,378.0
2075,45,409.0,133.0
2076,458,733.0,153.0
2077,"458,70",19.0,8.0
2078,475,302.0,128.0
2079,"475,64",35.0,16.0
2080,"475,67",17.0,9.0
2081,"48,61",158.0,66.0
2082,484,265.0,108.0
2083,"484,60,61,69,80,86",2.0,2.0
2084,"484,73",126.0,61.0
2085,"488,583",4.0,1.0
2086,49,3180.0,1269.0
2087,495,1144.0,487.0
2088,"495,666",319.0,141.0
2089,497,666.0,224.0
2090,"505,774",11.0,7.0
2091,508,1377.0,529.0
2092,"508,967",136.0,66.0
2093,526,2888.0,1078.0
2094,"526,55",774.0,329.0
2095,54,5340.0,1977.0
2096,"54,55,61",1614.0,660.0
2097,"54,55,80,86",275.0,124.0
2098,"54,61",1818.0,735.0
2099,"54,61,76",369.0,156.0
2100,"54,63",2233.0,933.0
2101,"54,798",154.0,73.0
2102,"54,836",391.0,175.0
2103,541,1969.0,479.0
2104,55,9668.0,3245.0
2105,"55,61",3414.0,1240.0
2106,"55,61,63",1596.0,642.0
2107,"55,61,69,70,720",7.0,7.0
2108,"55,61,80",689.0,262.0
2109,"55,61,83",221.0,87.0
2110,"55,61,86,87",648.0,283.0
2111,"55,63,69,70,836",15.0,7.0
2112,"55,67",1364.0,518.0
2113,"55,69",1762.0,675.0
2114,"55,69,86",655.0,294.0
2115,"55,70",618.0,271.0
2116,"55,73",2768.0,1076.0
2117,"55,76",1346.0,492.0
2118,"55,80",962.0,361.0
2119,554,2073.0,745.0
2120,559,88.0,36.0
2121,56,395.0,124.0
2122,"562,922",26.0,10.0
2123,"567,568",942.0,259.0
2124,"567,769",441.0,174.0
2125,"567,89",145.0,32.0
2126,568,2554.0,537.0
2127,"568,61",129.0,51.0
2128,580,389.0,198.0
2129,591,77.0,36.0
2130,"594,86",289.0,132.0
2131,598,1109.0,428.0
2132,"6,664,677",2.0,0.0
2133,60,1976.0,737.0
2134,"60,70",410.0,188.0
2135,"60,76,86,87",61.0,30.0
2136,"60,86",678.0,300.0
2137,"60,93",1112.0,471.0
2138,600,50.0,21.0
2139,601,152.0,46.0
2140,602,1094.0,425.0
2141,"602,604",111.0,46.0
2142,607,593.0,160.0
2143,608,540.0,135.0
2144,61,4022.0,1441.0
2145,"61,63",1781.0,712.0
2146,"61,63,67,7",39.0,19.0
2147,"61,63,922",337.0,152.0
2148,"61,67,76,87",142.0,52.0
2149,"61,70",431.0,195.0
2150,"61,76",734.0,284.0
2151,"61,80",770.0,290.0
2152,"61,80,83,85",104.0,53.0
2153,"61,836",214.0,88.0
2154,614,1225.0,353.0
2155,"62,63",591.0,222.0
2156,"62,72",14.0,4.0
2157,63,5857.0,2043.0
2158,"63,639,67",75.0,40.0
2159,"63,65",127.0,42.0
2160,"63,69,70",135.0,68.0
2161,"63,720",104.0,51.0
2162,"63,836",236.0,105.0
2163,"63,922",664.0,283.0
2164,639,968.0,338.0
2165,64,377.0,133.0
2166,"64,674",3.0,1.0
2167,"64,93",262.0,110.0
2168,65,538.0,209.0
2169,66,615.0,216.0
2170,"66,67",290.0,113.0
2171,"66,87",238.0,90.0
2172,"666,91",3468.0,1125.0
2173,67,2271.0,801.0
2174,"67,69",440.0,168.0
2175,"67,76",515.0,198.0
2176,"67,86,87",441.0,194.0
2177,"67,87",878.0,347.0
2178,"67,91",481.0,179.0
2179,"67,922",437.0,161.0
2180,"674,76",39.0,14.0
2181,677,365.0,142.0
2182,686,3841.0,1186.0
2183,"686,769",1211.0,461.0
2184,69,4093.0,1357.0
2185,"69,70",280.0,130.0
2186,"69,86",1102.0,450.0
2187,"69,986",86.0,41.0
2188,7,1866.0,512.0
2189,70,1064.0,451.0
2190,710,514.0,158.0
2191,720,245.0,111.0
2192,"720,798",15.0,9.0
2193,"720,80",69.0,31.0
2194,"73,86",2295.0,901.0
2195,76,2309.0,794.0
2196,"76,83",102.0,46.0
2197,"76,86,87",572.0,216.0
2198,769,6518.0,2090.0
2199,798,321.0,135.0
2200,80,1232.0,442.0
2201,"80,86,93",295.0,114.0
2202,"800,836",18.0,8.0
2203,"83,85",244.0,107.0
2204,832,255.0,80.0
2205,836,549.0,229.0
2206,"836,86",165.0,77.0
2207,"85,923",19.0,9.0
2208,857,197.0,89.0
2209,86,8131.0,2709.0
2210,"86,87",2221.0,833.0
2211,"86,901",856.0,342.0
2212,"86,93",5815.0,2056.0
2213,863,259.0,87.0
2214,9,216.0,32.0
2215,903,161.0,56.0
2216,91,8396.0,2347.0
2217,922,2002.0,695.0
2218,93,21126.0,6449.0
2219,944,149.0,70.0
2220,950,194.0,86.0
2221,97,754.0,136.0
2222,980,201.0,46.0
